id,channel,title,views,idx,t_len,t_emoji,t_hash,t_q,t_ex,t_num,t_jp,t_caps,t_you,t_i,t_vs,t_pov,bright,contrast,sat,colorful,faces,face_area,ocr_words,edge_density,red_share
CEJXqm2eiJ0,MrBeast,What’s Inside My Briefcase?,39000000,1,27,0,0,1,0,0,0,0,0,0,0,0,131.40485253772292,62.830555334056506,133.71000342935528,80.71205690200465,1,0.05896536633372307,0,0.12211591220850479,0.11559327846364884
T_SMf9j50uc,MrBeast,Can We Build an Entire Village?,22000000,2,31,0,0,1,0,0,0,0,0,0,0,0,132.1605521262003,74.91003979330858,104.81551783264746,54.5180397292372,1,0.15127402544021606,0,0.165099451303155,0.14688957475994513
5mU6SRS2Bxo,MrBeast,World’s Largest Tennis Match,16000000,3,28,0,0,0,0,0,0,0,0,0,0,0,104.43765775034294,69.27502976224915,109.25847050754459,86.54750594571198,3,0.009826887398958206,0,0.14302126200274348,0.06145061728395062
LiH-P4rSkLI,MrBeast,Can You Pass This Classroom Quiz?,62000000,4,33,0,0,1,0,0,0,0,1,0,0,0,144.49958504801097,55.22996517585138,90.01908436213992,69.44663541819011,1,0.09525959938764572,0,0.07786008230452675,0.09979080932784637
NMR32p4kwAQ,MrBeast,Mr Rizz IRL,104000000,5,11,0,0,0,0,0,0,1,0,0,0,0,24.32899862825789,33.76601734370137,172.19690672153635,65.88107467664813,5,0.009980130940675735,0,0.03311042524005487,0.054986282578875174
f7y2XikE7sY,MrBeast,Paying For Food With My Car,104000000,6,27,0,0,0,0,0,0,0,0,0,0,0,153.14940672153634,67.69358254129342,49.92141632373114,45.83409013909945,2,0.12391980737447739,0,0.05796982167352538,0.06326131687242799
Df5Y-2ndQyU,MrBeast,"Read My Book, You Could Win $1,000,000",27000000,7,38,0,0,0,0,1,0,0,1,0,0,0,118.78013374485597,89.22186704714571,76.36065157750343,52.40400700412779,2,0.04604042321443558,0,0.058179012345679015,0.0777469135802469
egvLKQe6I4I,MrBeast,Don't Pop the Balloon,187000000,8,21,0,0,0,0,0,0,0,0,0,0,0,132.01360768175584,56.971433050517746,131.9929526748971,113.84602062873458,2,0.004377510864287615,0,0.09069615912208505,0.2665912208504801
LgbyEFILLJI,MrBeast,"$1 vs $10,000 Cake",169000000,9,18,0,0,0,0,1,0,0,0,0,1,0,154.03853909465022,65.64038147907871,90.37832647462277,62.188655073176186,2,0.03772059828042984,0,0.14787379972565157,0.22707475994513032
YA_kX8hu1gg,MrBeast,This Plane Takes Off in 12 Seconds,44000000,10,34,0,0,0,0,1,0,0,0,0,0,0,146.9039951989026,63.559829222236914,56.992925240054866,33.771810875739256,1,0.020120808854699135,0,0.11497942386831275,0.003611111111111111
XCGVurja73c,MrBeast,I Raced The Fastest Man On Earth,178000000,11,32,0,0,0,0,0,0,0,0,1,0,0,123.80786694101509,79.05532559316123,130.61200274348423,112.71833704139269,2,0.0395231619477272,0,0.06190672153635116,0.10861796982167353
r9aWeGqp43s,MrBeast,We Made Make-A-Wish Kids’ Dreams Come True,21000000,12,42,0,0,0,0,0,0,0,0,0,0,0,140.22270919067216,80.09134451649574,66.03665294924554,53.904081332539626,4,0.017028527334332466,0,0.10200617283950617,0.0682750342935528
xDuuM3ERr5Q,MrBeast,"Guess The Youtuber = Win $1,000",231000000,13,31,0,0,0,0,1,0,0,0,0,0,0,165.12504801097393,88.90529193270595,52.92512002743484,34.46752331557228,2,0.08451272547245026,0,0.04039437585733882,0.0554320987654321
xCl2gndzFqE,MrBeast,POV: You Time Traveled Back to 2016,19000000,14,35,0,0,0,0,1,0,1,1,0,0,1,110.54299725651578,71.16105814631638,65.2636694101509,63.66330899605771,2,0.008325465954840183,2,0.06228737997256516,0.18329903978052126
y1UVAtHALaA,MrBeast,"I Surprised a Random Subscriber With $10,000",363000000,15,44,0,0,0,0,1,0,0,0,1,0,0,134.94504115226337,83.70181768666559,75.75642661179698,60.589051863890724,2,0.07265646755695343,0,0.1679869684499314,0.1412962962962963
hYahU_Cqwp8,MrBeast,YouTube CEO Has A Surprise For Me,593000000,16,33,0,0,0,0,0,0,1,0,0,0,0,96.31811042524005,68.12955927932815,89.89615569272976,68.65950847217499,2,0.03523409366607666,0,0.07310699588477367,0.13555898491083676
SllXaJiQjBA,MrBeast,Every Youtube Play Button,396000000,17,25,0,0,0,0,0,0,0,0,0,0,0,110.34524691358024,60.164518349418344,119.67185185185186,92.49400795356013,0,0.0,0,0.09305555555555556,0.10116598079561043
dqpCvSU-ECE,MrBeast,Can He Make This Shot?,469000000,18,22,0,0,1,0,0,0,0,0,0,0,0,149.53761659807955,57.31247076471366,52.1153463648834,56.45828732507203,1,0.002772802487015724,0,0.11121056241426612,0.12677640603566528
QAkEMtJpq3c,MrBeast,"Hit The Button, Win $1,000",658000000,19,26,0,0,0,0,1,0,0,0,0,0,0,113.58381001371743,73.0083200758558,39.24438614540466,26.81742326665453,1,0.028511010110378265,16,0.0685528120713306,0.04697530864197531
hCuqh2NU2Yg,MrBeast,World's Fastest Date,521000000,20,20,0,0,0,0,0,0,0,0,0,0,0,141.62598079561042,81.15201860306476,93.874890260631,63.0488510441654,1,0.02792295068502426,0,0.10578189300411522,0.08381344307270233
B9LizOAAoLg,MrBeast,I’m Granting Wishes For My Subscribers,706000000,21,38,0,0,0,0,0,0,0,0,1,0,0,152.11773319615912,84.70210481862432,70.36544924554184,70.62753869269946,1,0.010684298351407051,0,0.16747599451303155,0.09127229080932785
rqsRdfdN4uI,MrBeast,Guess The Animal,886000000,22,16,0,0,0,0,0,0,0,0,0,0,0,149.86729423868312,71.61377409077006,70.83939986282579,54.99073137101399,2,0.026373140513896942,0,0.10919410150891631,0.1515363511659808
feu5PQvoCiA,MrBeast,Asking My Fiancée on a Date,21000000,23,27,0,0,0,0,0,0,0,0,0,0,0,163.05798696844994,68.07303742456034,38.500754458161865,24.54676264760836,1,0.04266878962516785,0,0.08767832647462277,0.04125514403292181
EdT5Z16Y5WE,MrBeast,"Would Your Dog Pick $10,000 or Steak?",99000000,24,37,0,0,1,0,1,0,0,1,0,0,0,88.30302812071331,72.89425267560544,150.192170781893,72.0420213470318,2,0.05007712543010712,0,0.1215432098765432,0.30480109739369
ScjQAcbA9e4,MrBeast,Important Announcement From The Grocery Store,23000000,25,45,0,0,0,0,0,0,0,0,0,0,0,139.5303086419753,60.406143347250314,70.92047325102881,68.32283980674282,2,0.019603120163083076,0,0.07058641975308642,0.22209876543209878
jpIDtO38TrE,Gordon Ramsay,Me ? Mock another chef ? Never 😉,513000,1,32,1,0,1,0,0,0,0,0,0,0,0,132.79018518518518,57.380146607141604,32.43750342935528,23.824250888668757,1,0.016343677416443825,0,0.09625171467764061,0.008144718792866941
SGnipmKk2IA,Gordon Ramsay,I think I’m ready for the World Cup pitch ⚽️ 😂,259000,2,46,2,0,0,0,0,0,0,0,1,0,0,122.08205075445817,72.67742593294598,63.886073388203016,49.50524813869656,1,0.005476119928061962,0,0.06808984910836763,0.03618312757201646
PuvtzNrOOXE,Gordon Ramsay,A trip down memory lane with @Niall Horan and One Direction in Vegas 🤩,196000,3,70,1,0,0,0,0,0,0,0,0,0,0,120.1167866941015,60.564719088893995,51.38514746227709,29.366456244490408,1,0.025648191571235657,0,0.08555212620027434,0.03497942386831276
uD6Q68aa7n0,Gordon Ramsay,I didn’t realize how difficult it is pronounce an Irish Sausage 😂 Niall Horan saved me !!,708000,4,89,1,0,0,1,0,0,0,0,1,0,0,112.1815157750343,60.321060877248726,63.55233196159122,40.74181754665525,1,0.24673490226268768,6,0.02135116598079561,0.08030178326474623
MlSU7kpxOMw,Gordon Ramsay,Boil em mash em stick em in a stew @Niall Horan  😂,191000,5,50,1,0,0,0,0,0,0,0,0,0,0,135.66913923182443,62.114322723454926,66.22473936899863,66.86310099216092,1,0.020637931302189827,0,0.11550411522633744,0.10835733882030178
a5TYxMS3oHM,Gordon Ramsay,Gordon Ramsay’s Juicy Lucy Burger with a Korean twist! Perfect for the World Cup,1100000,6,80,0,0,0,1,0,0,0,0,0,0,0,83.65524348422497,80.25718310485983,130.89837448559672,45.928375671407366,1,0.04460495337843895,0,0.04183127572016461,0.18085048010973936
dcbMh6D6JMk,Gordon Ramsay,the perfect Shrimp Bowl thanks to #GordonRamsay,461000,7,47,0,1,0,0,0,0,0,0,0,0,0,53.93101851851852,67.45472188248816,103.7204561042524,43.11092853938079,1,0.05515728518366814,0,0.048089849108367624,0.210579561042524
4wKlFrCQqsY,Gordon Ramsay,How to shell a lobster with #gordonramsay,743000,8,41,0,1,0,0,0,0,0,0,0,0,0,64.10721193415638,80.32986633472173,101.59496570644718,48.578578769786105,1,0.04004965350031853,0,0.052232510288065845,0.15462620027434842
e7r8XET3sVU,Gordon Ramsay,A delicious lobster roll….with a #gordonramsay twist !!,420000,9,55,0,1,0,1,0,0,0,0,0,0,0,44.172781207133056,63.58457330324037,108.43862482853224,43.443283995737175,1,0.04244702309370041,0,0.03898834019204389,0.07864883401920439
iW--K8QSXuY,Gordon Ramsay,Proving you can elevate a pork chop with a little Shake...and Bake !,847000,10,68,0,0,0,1,0,0,0,1,0,0,0,74.89187242798354,80.4104499982558,131.94782578875171,41.20974772913262,1,0.0495084710419178,0,0.0330761316872428,0.13573731138545952
qwlvGMrsjOU,Gordon Ramsay,Praying that Jojo Sim and Lexi Hensler can actually make a decent leftover sandwich,217000,11,83,0,0,0,0,0,0,0,0,0,0,0,78.84192043895747,69.05787664237198,61.30213648834019,30.396309038245143,1,0.06883279979228973,0,0.038131001371742114,0.012064471879286694
ldi7xE7DEe4,Gordon Ramsay,Happy Pancake Day !,1100000,12,19,0,0,0,1,0,0,0,0,0,0,0,126.56752743484225,60.28924987028854,96.60573045267489,59.82321470756327,1,0.06192576512694359,0,0.059259259259259255,0.08011316872427983
A-8jGIl5cj4,Gordon Ramsay,I don’t think anyone can help ​@Jesser  cooking 😬,204000,13,49,1,0,0,0,0,0,0,0,1,0,0,70.35679355281206,46.21674060273959,136.37181069958848,64.71358561182555,1,0.08642575889825821,0,0.024698216735253773,0.03302469135802469
2wQqyjVVpUE,Gordon Ramsay,Look ​⁠@haleyybaylee as long as the cheese melts it’ll be better than any of my grilled cheeses 🫠,201000,14,97,1,0,0,0,0,0,0,0,1,0,0,85.33851165980795,77.52233227320386,53.51698559670782,25.59616989351061,1,0.016505714505910873,0,0.05706447187928669,0.010051440329218108
-xLTFIy9eDI,Gordon Ramsay,Letting @HannahStocking into my kitchen may have been a mistake…..,177000,15,66,0,0,0,0,0,0,0,0,1,0,0,73.02020576131687,46.063368670680134,78.56721879286694,33.69198210453122,0,0.0,0,0.010788751714677641,0.0908641975308642
Tndqfg25nvk,Gordon Ramsay,These are what my Idiot Sandwich contestants think are the most overrated sandwich ingredients,214000,16,94,0,0,0,0,0,0,0,0,1,0,0,77.5116975308642,50.76126126349478,55.89028463648834,22.835478313883165,1,0.03835783153772354,0,0.03090877914951989,0.006135116598079561
bcNxHOSlqKw,Gordon Ramsay,Gordon Ramsay finally finds the female version of himself!,1800000,17,58,0,0,0,1,0,0,0,0,0,0,0,87.5111145404664,58.101417468577615,84.69087448559671,41.301977824493164,1,0.04284808039665222,0,0.056262002743484224,0.022630315500685873
4GZSZadb7ag,Gordon Ramsay,Idiot Sandwich is back thanks to our friends at @icantbelieveitsnotbutter #ad !,172000,18,79,0,1,0,1,0,0,0,0,0,0,0,129.87851508916324,27.7533497154629,73.04967421124829,29.364679674236385,1,0.39889204502105713,0,0.008251028806584362,0.004766803840877915
AQAMP2swBSE,Gordon Ramsay,"I'm BACK on #Roblox in Hell's Kitchen 2 ! Burn the salmon, and you'll burn with it 🔥",322000,19,84,1,1,0,1,1,0,1,1,1,0,0,118.45243827160493,52.83619386936179,214.7573353909465,113.87477188766832,1,0.05121314898133278,0,0.047424554183813444,0.3423456790123457
skLCJ1jG4Zg,Gordon Ramsay,The biggest Kitchen Nightmares Expert is actually on the tennis court 👀,540000,20,71,1,0,0,0,0,0,0,0,0,0,0,85.93819958847736,52.56847984322336,80.01873113854596,37.612308372095995,1,0.1292421817779541,0,0.02739368998628258,0.08171467764060357
AjoyR7EIkPA,Gordon Ramsay,When Tom Holland broke the internet...umbrellas were included,662000,21,61,0,0,0,0,0,0,0,0,0,0,0,109.50185528120713,58.68198619766132,111.63068930041152,41.15424647230771,1,0.14347721636295319,0,0.01920781893004115,0.3234533607681756
zD49TClnlBw,Gordon Ramsay,Maybe Tom Holland needed his new Spider-Man suit to open this jar 😂,1400000,22,67,1,0,0,0,0,0,0,0,0,0,0,104.64027777777778,60.78265982202027,56.935,27.91385818756431,2,0.02400042675435543,0,0.06534636488340193,0.09020919067215363
EkAHjPkvGSg,Gordon Ramsay,Two Slices of Bread. One Robot.,330000,23,31,0,0,0,0,0,0,0,0,0,0,0,75.75080589849108,55.113372592445884,58.04777434842249,29.921743378232684,1,0.1741378754377365,0,0.026165980795610427,0.10382716049382716
5QRR-cmqUig,Gordon Ramsay,Note to self….don’t give Pedro Pascal a knife 😳,526000,24,47,1,0,0,0,0,0,0,0,0,0,0,33.49306927297668,39.80461678150881,56.14491083676269,21.495890915390895,1,0.03794743865728378,0,0.011742112482853223,0.0317318244170096
bgCd0fjMEq0,Gordon Ramsay,Ironman 70.3….done ! What an amazing day to be back with @ironmantriathlon after all the work !,380000,25,95,0,0,0,1,1,0,0,0,0,0,0,97.51262002743485,54.04410228347345,93.04354938271605,68.10674528227231,1,0.0035255623515695333,0,0.0893689986282579,0.10267832647462277
tbWTiZlwJ3M,Mark Rober,You Have Spiders on Your Face RIGHT NOW!,1600000,1,40,0,0,0,1,0,0,2,1,0,0,0,119.7481207133059,77.60342737864563,64.50551440329218,38.630356597091726,1,0.055392149835824966,0,0.03718449931412895,0.054296982167352535
NUVkpWAD548,Mark Rober,Chivalry or Engineering?,3800000,2,24,0,0,1,0,0,0,0,0,0,0,0,97.50927640603567,52.74087699301356,54.965661865569274,30.76833370745738,1,0.08455471694469452,0,0.05910493827160494,0.0426920438957476
67LFeTgFv3Y,Mark Rober,Why Do People Pass Out On Roller Coasters?,7600000,3,42,0,0,1,0,0,0,0,0,0,0,0,92.20046639231825,75.51390867300314,86.47028806584362,55.01247739266751,1,0.061605703085660934,0,0.04001714677640604,0.033645404663923184
KLJxCWeYGoE,Mark Rober,Why the Moon Never Changes,7200000,4,26,0,0,0,0,0,0,0,0,0,0,0,68.08722222222222,48.76429154905469,129.61274691358025,59.87676407844769,1,0.09282004088163376,0,0.027342249657064475,0.14322702331961593
KwqeKTM9M_8,Mark Rober,$100 Slime Challenge,8200000,5,20,0,0,0,0,1,0,0,0,0,0,0,137.2637757201646,67.10767493254632,72.43729080932785,43.26786252517804,2,0.029895856976509094,0,0.059200960219478745,0.056872427983539094
0BAkKJ_3Tic,Mark Rober,Lowest Heart Rate Wins!,11000000,6,23,0,0,0,1,0,0,0,0,0,0,0,64.74111796982167,64.63072001084711,96.29442729766804,44.32050751861885,2,0.08353996276855469,0,0.03981481481481482,0.1831824417009602
GRbokvmv-2M,Mark Rober,Stop Your Car From Getting Stolen!,1800000,7,34,0,0,0,1,0,0,0,1,0,0,0,105.51114883401921,90.33526621159473,83.39317901234568,20.381795753210184,1,0.08681852370500565,0,0.03657064471879287,0.006008230452674897
q3nD5qD758o,Mark Rober,I Discovered a Lost Plane,32000000,8,25,0,0,0,0,0,0,0,0,1,0,0,133.8166598079561,55.8875973105875,55.538748285322356,48.18466187614277,1,0.13531573116779327,0,0.036598079561042524,0.05590534979423868
eMG3FWEwJnk,Mark Rober,How To Crush an Egg with Your Bare Hand,3000000,9,39,0,0,0,0,0,0,0,1,0,0,0,131.44139574759944,48.97548799401761,49.12854938271605,26.46541472141004,1,0.07747529447078705,0,0.03441015089163237,0.01045610425240055
--LXDh44cBQ,Mark Rober,3 Levels of Car Theft,6800000,10,21,0,0,0,0,1,0,0,0,0,0,0,106.34739368998628,44.26826922932142,77.02929355281208,44.10554557712312,1,0.03821025788784027,0,0.017657750342935527,0.18892318244170095
L0R-Ac1XRyk,Mark Rober,Do YouTubers know about the Magnus Effect?,9500000,11,42,0,0,1,0,0,0,0,0,0,0,0,117.75900205761317,65.93397877548401,109.52632373113855,74.36618492423744,2,0.021272271871566772,0,0.17531550068587104,0.1664951989026063
GF_qEM_vUwo,Mark Rober,"My $60,000,000 Experiment",2000000,12,25,0,0,0,0,1,0,0,0,0,0,0,84.62985939643347,73.61240624563507,102.27927640603566,62.79077661954265,0,0.0,0,0.02496570644718793,0.21532235939643346
3Y7o9IgliYk,Mark Rober,How To Keep a Skyscraper From Falling Over,18000000,13,42,0,0,0,0,0,0,0,0,0,0,0,111.49624828532237,76.71315279476778,133.3601268861454,82.50800853793876,1,0.06314641982316971,0,0.04398491083676269,0.06040123456790124
NnvIwG0S8WE,Mark Rober,Tennis Ball Cannon vs Human Strength,31000000,14,36,0,0,0,0,0,0,0,0,0,1,0,120.17466392318244,60.547028678658954,81.39106310013717,67.15788722222344,0,0.0,0,0.08121056241426612,0.05866255144032922
IEJALLQFmDs,Mark Rober,You’re Breathing Dinosaur Breath!,9500000,15,33,0,0,0,1,0,0,0,1,0,0,0,138.5998765432099,58.663892014783734,94.4502572016461,71.00924216419565,1,0.08336029201745987,0,0.07635802469135802,0.05357338820301783
6VCyrdMLrcY,Mark Rober,Engineering a $1 Cup of Lemonade #AdobePartner,15000000,16,46,0,1,0,0,1,0,0,0,0,0,0,146.3706378600823,48.71310338112063,118.15084362139918,97.73783491588048,1,0.06803039461374283,0,0.12837791495198903,0.12013374485596708
GOmQwinZKtE,Mark Rober,Testing Every Seat on a Log Ride,29000000,17,32,0,0,0,0,0,0,0,0,0,0,0,137.55501028806583,77.94567397770084,79.9575,36.912297697178715,2,0.11535732448101044,0,0.08357338820301784,0.0019444444444444444
wJMrk69WOdw,Mark Rober,The SECRET to Fighting Laundry Stains #TidePartner,122000000,18,50,0,1,0,0,0,0,1,0,0,0,0,175.1400205761317,35.17911813968617,94.95235939643347,91.02386427764525,1,0.03752543777227402,0,0.049355281207133055,0.004036351165980796
VZ0oIzvzkGI,Mark Rober,Secret To Defusing A Soda Grenade,26000000,19,33,0,0,0,0,0,0,0,0,0,0,0,111.37333333333333,58.53151114086728,133.35278463648834,80.84617742865184,1,0.05220538005232811,0,0.11396433470507546,0.12617283950617283
YPOfYntrrcU,Mark Rober,Your fingers are actually a clock,7000000,20,33,0,0,0,0,0,0,0,1,0,0,0,98.84866255144033,49.31004759500498,120.1457304526749,75.62081482311228,1,0.11632812768220901,0,0.029537037037037035,0.24010973936899863
9BsQpGhwVAY,Mark Rober,pride comes before flop,218000000,21,23,0,0,0,0,0,0,0,0,0,0,0,98.71235939643347,60.951197445302405,127.16911865569273,77.4407799657611,2,0.029116766527295113,0,0.16436556927297666,0.15276748971193416
kgSHJhX6ly0,Mark Rober,Can You Ship A Potato Through The Mail?,21000000,22,39,0,0,1,0,0,0,0,1,0,0,0,116.48491769547326,47.679570747077825,71.77349451303155,55.250340601940366,1,0.05389542877674103,0,0.05743141289437586,0.05180384087791495
X_rh2S74UJs,Mark Rober,Why MRI Machines Are So Dangerous,29000000,23,33,0,0,0,0,0,0,1,0,0,0,0,152.51060356652948,45.89580431009815,64.07248628257888,42.91164313638185,0,0.0,0,0.05833676268861454,0.12414266117969822
c4dH8MpXYH4,Mark Rober,Disney’s Secret for Making Ghosts REAL,16000000,24,38,0,0,0,0,0,0,1,0,0,0,0,61.4918244170096,36.833279076986,90.69180384087791,44.72158105766501,1,0.020160511136054993,0,0.027551440329218108,0.08222565157750343
lSDoCbQsKxY,Mark Rober,Why The Weatherman Is Always Wrong!,12000000,25,35,0,0,0,1,0,0,0,0,0,0,0,129.41812414266118,41.572255557600606,136.67488340192043,141.42428538764986,1,0.05849310755729675,0,0.11744855967078188,0.006128257887517146
cKf7LsoA_6o,Sidemen,50 Yard Field Goal without Shoes?! 🏈,3000000,1,36,1,0,1,1,1,0,0,0,0,0,0,109.12648491083677,48.93935589140169,137.21446159122084,71.17431007160789,0,0.0,3,0.10367969821673524,0.006457475994513032
C0G4gwAvQ14,Sidemen,Sidemen Helmet Game vs @CORE 💥,4100000,2,30,1,0,0,0,0,0,1,0,0,1,0,132.0543587105624,62.21924473034919,82.85132030178326,56.00551741915328,3,0.006276967469602823,0,0.08994170096021949,0.054646776406035664
N0NSWGJLZ6k,Sidemen,Would you have beaten them? 👀,2700000,3,29,1,0,1,0,0,0,0,1,0,0,0,144.81181412894375,70.03194127956067,76.49477023319616,69.99177267249202,0,0.0,0,0.09963305898491083,0.036704389574759945
bwRveZ26KlI,Sidemen,SIDEMEN vs England Cricket Legend 🏏,1000000,4,35,1,0,0,0,0,0,1,0,0,1,0,119.16686899862826,78.15600731328531,80.73519547325103,64.35081782206005,2,0.045077454298734665,0,0.08655692729766803,0.16301440329218106
9VdNfbR6ZJo,Sidemen,Carlos had em in the first half 🥸,499000,5,33,1,0,0,0,0,0,0,0,0,0,0,110.26605281207134,77.35237199030618,41.26203017832648,21.08791653767398,2,0.003628340782597661,0,0.070380658436214,0.03686899862825789
RcPIwOSMJ-o,Sidemen,Multi-Bounce Volley Challenge ⚽ #shorts #sidemen,2600000,6,48,1,2,0,0,0,0,0,0,0,0,0,93.9446159122085,53.35607486940695,185.36459190672153,81.22791895561187,0,0.0,1,0.23463991769547327,0.0008093278463648834
ETkHHxm2b_c,Sidemen,Spin the Wheel Penalty Challenge!,1400000,7,33,0,0,0,1,0,0,0,0,0,0,0,114.49566186556928,58.41342105165874,158.78847393689986,98.45606954706747,1,0.003148331306874752,0,0.17168724279835393,0.03279149519890261
b_3nbnKx-eU,Sidemen,"Ball Knowledge 100, Ability 0. At least he smells nice though… #AD",261000,8,66,0,1,0,0,1,0,0,0,0,0,0,102.92517832647462,67.20891796568161,122.14822016460906,51.94807398818093,1,0.056998006999492645,0,0.03420781893004115,0.006814128943758573
mojdOa79PGc,Sidemen,World Cup First Touch Challenge ⚽🏴󠁧󠁢󠁥󠁮󠁧󠁿🌎 # AD,1900000,9,46,3,0,0,0,0,0,0,0,0,0,0,145.9476817558299,65.17090452348356,113.08278806584362,102.52088800053254,1,0.048451609909534454,0,0.1083676268861454,0.03434156378600823
lDJQR4E2alA,Sidemen,World Cup Grip Strength Challenge ⚽️💪🏼🇩🇪🇨🇼  #AD,14000000,10,47,7,1,0,0,0,0,0,0,0,0,0,116.92462962962964,68.72555057236445,129.11455418381345,105.85841643492992,1,0.038487836718559265,0,0.11945473251028807,0.05832647462277092
lQ4Lr0rJt5Y,Sidemen,Multi Ball Penalty Challenge ⚽️ 🏈 🎾🏀⚾️🏐 #AD,48000000,11,43,6,1,0,0,0,0,0,0,0,0,0,129.21431069958848,70.06153341119617,116.439341563786,64.6736484040399,1,0.037242304533720016,1,0.19044924554183812,0.03324074074074074
YVXGL9_ljb8,Sidemen,Impossible Shot Challenge ⚽️,1700000,12,28,1,0,0,0,0,0,0,0,0,0,0,160.047719478738,75.89530622378413,119.76394375857339,107.136985445331,1,0.010948787443339825,0,0.07201646090534979,0.013751714677640603
xETLpb_xEcI,Sidemen,He made them lose their MONEY? 💰,588000,13,32,1,0,1,0,0,0,1,0,0,0,0,105.5094341563786,75.1066204198202,41.7158401920439,32.262179734349694,0,0.0,0,0.03876200274348422,0.09386488340192044
sM7utf3scWQ,Sidemen,Wrecking the duct tape is diabolical,689000,14,36,0,0,0,0,0,0,0,0,0,0,0,150.79179355281207,87.87980135476052,45.967006172839504,30.86757029579368,1,0.03083186224102974,0,0.04420096021947874,0.1558641975308642
40YpptHwh-c,Sidemen,He hid the last avocado WHERE?!,15000000,15,31,0,0,1,1,0,0,1,0,0,0,0,155.5288134430727,82.5368575004789,73.5863134430727,96.45906519099762,1,0.012466435320675373,0,0.02718106995884774,0.3048902606310014
awrUtSJHJAE,Sidemen,KSI vs JOE WELLER Round 4 🥊,977000,16,27,1,0,0,0,1,0,3,0,0,1,0,83.44743484224966,80.06935073353894,77.8874279835391,46.66039113062452,1,0.11436772346496582,0,0.06521947873799726,0.09042524005486968
DZZhEBmwzqY,Sidemen,"Even after a stinker in training, Tobi still comes up smelling his best #LYNXWorldCup26",789000,17,87,0,1,0,0,1,0,0,0,0,0,0,112.63292524005487,29.4608769476386,145.70203360768176,66.22447397289832,0,0.0,1,0.024646776406035666,0.0010219478737997255
5mzyHmIJOjw,Sidemen,Oooh he smells so irresistible 🤤 #LYNXWorldCup26,992000,18,48,1,1,0,0,1,0,0,0,0,0,0,162.11412894375857,56.12001811070682,86.73868998628258,52.37496725105343,1,0.0056438567116856575,0,0.0553840877914952,6.515775034293553e-05
Ia3CqKMVQP8,Sidemen,RATING SIDEMEN SKILL MOVES,2900000,19,26,0,0,0,0,0,0,4,0,0,0,0,130.0835768175583,45.33245006966708,100.42744855967078,65.97329830767374,1,0.005409474950283766,0,0.21958504801097395,0.12286351165980795
DqRwqTsuVm8,Sidemen,"KSI, W2S, TJBZL Charity Match Pack Opening",1700000,20,42,0,0,0,0,1,0,2,0,0,0,0,78.44057956104253,72.29831144784823,58.08037722908093,51.93234981324628,1,0.12407247722148895,0,0.07236968449931414,0.14387174211248285
FfYfLboLIBg,Sidemen,SIMON vs VIK REACTION TEST,1000000,21,26,0,0,0,0,0,0,4,0,0,1,0,119.26980795610426,43.29826511496578,104.42927983539094,64.7170228074116,1,0.004439431242644787,0,0.17573045267489712,0.11730109739368999
AT_fKMHgs0o,Sidemen,TOUCH AND PASS CHALLENGE,3900000,22,24,0,0,0,0,0,0,4,0,0,0,0,116.17487654320988,40.4629207706177,116.5626646090535,72.3645104404626,0,0.0,0,0.19684156378600823,0.08955418381344307
v3p4YMB0SGY,Sidemen,Ultimate Sidemen Charity Match Pack Opening 👀,505000,23,45,1,0,0,0,0,0,0,0,0,0,0,58.62067215363512,63.36309642291737,53.23351165980796,48.996212917505815,1,0.044314224272966385,0,0.0827914951989026,0.1537037037037037
Oou13Ui8ors,Sidemen,Closest to Penalty Spot Wins!,770000,24,29,0,0,0,1,0,0,0,0,0,0,0,126.58402949245541,48.31434744976975,120.44513717421125,67.35503178618296,0,0.0,0,0.28937242798353907,0.00546639231824417
x21upwuE4gE,Sidemen,Who's got the best touch?,1800000,25,25,0,0,1,0,0,0,0,0,0,0,0,122.17726337448559,51.646436144692316,127.14800068587105,89.7840384919154,1,0.023081693798303604,0,0.12373113854595336,0.027331961591220852
R6yNUnRXZ64,Marques Brownlee,iPhone Duo is here,7400000,1,18,0,0,0,0,0,0,0,0,0,0,0,117.63990054869684,59.55648045961361,120.11822702331962,48.12555250451522,0,0.0,0,0.03206104252400549,0.08559327846364884
uJdjKOBikTE,Marques Brownlee,This iPhone Duo Animation 👀,6800000,2,27,1,0,0,0,0,0,0,0,0,0,0,120.45369341563786,59.44694758552869,108.0833573388203,51.875047475172785,0,0.0,0,0.046063100137174205,0.09113511659807956
v-_d2e7x4KA,Marques Brownlee,The Wildest Camera Robot,6900000,3,24,0,0,0,0,0,0,0,0,0,0,0,129.61199931412895,69.54465047373812,91.48816872427983,73.7053048813094,1,0.025590676814317703,0,0.0457681755829904,0.36488340192043894
kUnR9dO4EnA,Marques Brownlee,This ZOOM is Insane!,5300000,4,20,0,0,0,1,0,0,1,0,0,0,0,153.67782235939643,72.8767303774782,33.61462277091907,18.04765750695637,1,0.039729125797748566,0,0.03577503429355281,0.03137860082304527
oYAnEH0JoqI,Marques Brownlee,Apple's Big Price Hike,2000000,5,22,0,0,0,0,0,0,0,0,0,0,0,155.53974965706448,53.01462351191572,43.017661179698216,45.51116158311549,0,0.0,2,0.058779149519890266,0.004022633744855967
n3V3LZh_r40,Marques Brownlee,Apple Products That DON'T Exist,6800000,6,31,0,0,0,0,0,0,1,0,0,0,0,117.35300754458162,52.91574240022289,107.73604938271605,65.38265324077793,0,0.0,0,0.0287517146776406,0.09334019204389575
ImRy_PiXstI,Marques Brownlee,Lewis Hamilton Explains F1 Tire Strategy,4700000,7,40,0,0,0,0,1,0,0,0,0,0,0,107.4671159122085,76.43721714046508,84.9643449931413,54.29040199687641,2,0.011408524587750435,0,0.06226680384087791,0.10338134430727024
M4xlXvCAc2E,Marques Brownlee,ELITE Camera Work,1000000,8,17,0,0,0,0,0,0,1,0,0,0,0,120.00118312757202,68.81517498290661,45.0100720164609,25.110911124308185,0,0.0,0,0.16250685871056242,0.024262688614540465
OPOS0tre9eQ,Marques Brownlee,Ferrari's Electric Car Looks Like...,3500000,9,36,0,0,0,0,0,0,0,0,0,0,0,106.54041495198902,69.52544731818358,58.0058401920439,37.89096768223685,1,0.09467051178216934,0,0.06776748971193415,0.031176268861454047
VIE2Ri2DQJg,Marques Brownlee,Why Fitbit Air Could Be Huge,3200000,10,28,0,0,0,0,0,0,0,0,0,0,0,122.29705418381344,50.300005381617545,76.12118998628257,42.539365451018455,0,0.0,0,0.010816186556927298,0.22183813443072703
s3DrGkDvgNw,Marques Brownlee,Every Google Phone Ever. Same Picture!,1600000,11,38,0,0,0,1,0,0,0,0,0,0,0,125.20455075445817,87.89914289423015,76.34650205761316,47.33546395779442,1,0.03954532742500305,1,0.048024691358024695,0.17289437585733883
as_NEJAP8ew,Marques Brownlee,Every Samsung Phone. SAME Photo!,2400000,12,32,0,0,0,1,0,0,1,0,0,0,0,141.72995198902606,61.69019695661858,50.82307270233196,29.651705796109255,1,0.05096397548913956,0,0.044276406035665294,0.12550754458161867
pvjivZ6C6CA,Marques Brownlee,Every iPhone Camera vs LOW Light,2900000,13,32,0,0,0,0,0,0,1,0,0,1,0,51.9442524005487,68.0034552843746,98.55383058984911,38.79653363291496,1,0.026307418942451477,0,0.025339506172839504,0.11707818930041153
jru9Gsz3kJY,Marques Brownlee,Every iPhone Ever. SAME photo!,7600000,14,30,0,0,0,1,0,0,1,0,0,0,0,99.91530178326475,52.675006831804026,95.88440329218108,51.93175440575773,1,0.021998489275574684,0,0.0754320987654321,0.03867283950617284
eGKYiPA1wio,Marques Brownlee,God Tier Stabilization,7300000,15,22,0,0,0,0,0,0,0,0,0,0,0,148.67625514403292,85.66972711524616,55.16031893004115,41.25148779457786,1,0.025839505717158318,0,0.038731138545953364,0.04556927297668038
McE6el9mn_I,Marques Brownlee,Samsung's Secret Screen Feature,14000000,16,31,0,0,0,0,0,0,0,0,0,0,0,127.42663923182441,50.815389556005144,71.2813305898491,56.12288805824842,0,0.0,0,0.03577846364883402,0.08837791495198903
Qr4anBkL2_A,Marques Brownlee,This is NOT an iPhone,5900000,17,21,0,0,0,0,0,0,1,0,0,0,0,120.58747942386832,78.77097605297305,64.80967764060357,59.98193981605142,1,0.04737037047743797,4,0.03549039780521262,0.06771262002743485
LXmNeVLM4e4,Marques Brownlee,PSA: You look like this,6900000,18,23,0,0,0,0,0,0,1,1,0,0,0,132.53908436213993,66.17426179199728,59.25816529492455,33.59391891375114,1,0.2486896961927414,0,0.03907750342935528,0.0709636488340192
PTd98UnJnnU,Marques Brownlee,This TECH Knife is Insane!,42000000,19,26,0,0,0,1,0,0,1,0,0,0,0,100.76104938271605,34.336231568855936,116.02498971193415,41.940781533436365,0,0.0,0,0.008624828532235939,0.0101440329218107
NC1nzXq6Rh4,Marques Brownlee,PROOF the Trifold is Awesome!,11000000,20,29,0,0,0,1,0,0,1,0,0,0,0,113.85490397805212,75.32089046032985,71.08349108367626,38.875731946967846,0,0.0,0,0.0685631001371742,0.010449245541838134
n4Xe6yQ1jIs,Marques Brownlee,This feels illegal,2400000,21,18,0,0,0,0,0,0,0,0,0,0,0,140.47689300411523,68.42098990629066,141.98291838134432,130.94326568745703,0,0.0,10,0.028449931412894376,0.03325788751714678
jrzK4xL_W4Q,Marques Brownlee,This is not normal,24000000,22,18,0,0,0,0,0,0,0,0,0,0,0,120.4667695473251,57.522272062690305,82.07764403292181,51.278562481658305,0,0.0,0,0.035751028806584366,0.08042181069958848
PTf_Z8A2Usc,Marques Brownlee,This Zoom is Ridiculous,6800000,23,23,0,0,0,0,0,0,0,0,0,0,0,137.26281550068586,86.46739439570196,30.195727023319616,20.776190039695706,1,0.03612045571208,0,0.08218106995884773,0.017026748971193415
v5lc7UAAats,Marques Brownlee,This or Apple Vision Pro?,11000000,24,25,0,0,1,0,0,0,0,0,0,0,0,86.08480452674897,63.68092297964354,15.103299039780522,12.584716898835243,0,0.0,0,0.04555555555555556,0.022019890260631
rZMMySvsKAA,Marques Brownlee,The Solar Powered Aptera EV 👀,8300000,25,29,1,0,0,0,0,0,0,0,0,0,0,138.18099451303155,40.571103711259376,82.43240740740741,74.25392540093546,0,0.0,0,0.07069958847736627,0.004094650205761317
5OcnO7U0VeA,NileRed,Making nasty soap,2400000,1,17,0,0,0,0,0,0,0,0,0,0,0,187.3405829903978,90.39859655847775,61.242235939643344,43.34149312540157,0,0.0,1,0.0696604938271605,0.26536008230452673
K56LuXCQ0ik,NileRed,Making color changing mercury,8700000,2,29,0,0,0,0,0,0,0,0,0,0,0,210.5901131687243,67.45281900577119,79.30596364883402,112.49618510636319,0,0.0,0,0.06913580246913581,0.12647119341563787
QNPrHtcn6nM,NileRed,These metals melt when pushed together,5800000,3,38,0,0,0,0,0,0,0,0,0,0,0,54.257033607681755,55.96393165552747,12.137342249657065,11.306473886117843,0,0.0,1,0.042938957475994514,0.0027160493827160493
2VV9m_S410I,NileRed,Extracting the soul from coffee,8100000,4,31,0,0,0,0,0,0,0,0,0,0,0,127.90213648834019,78.14768747163164,65.59491769547326,20.042217384278178,0,0.0,0,0.030476680384087792,0.12270919067215363
vUeY-SU4i04,NileRed,Dissolving glass in scary hydrofluoric acid,7000000,5,43,0,0,0,0,0,0,0,0,0,0,0,129.44612482853225,74.76852151407071,18.030325788751714,24.975586077613038,0,0.0,0,0.030579561042524007,0.018655692729766804
VoHsFiwtxVc,NileRed,Turning regular sand into an explosive gas,11000000,6,42,0,0,0,0,0,0,0,0,0,0,0,93.06316186556927,71.62815628834343,13.32818244170096,8.092306437568464,0,0.0,0,0.03999314128943759,0.0030041152263374487
tERigvFwLrM,NileRed,Making a bouncy ball from scratch,7300000,7,33,0,0,0,0,0,0,0,0,0,0,0,55.96480795610425,55.692165214876894,36.89952674897119,46.67187807033535,0,0.0,0,0.022283950617283953,0.0006069958847736626
E37B-7OizLs,NileRed,Potassium metal is like weird butter,4600000,8,36,0,0,0,0,0,0,0,0,0,0,0,206.07437242798355,90.34088282738549,13.414609053497943,5.966964320707172,0,0.0,0,0.03103909465020576,0.0011282578875171467
3Kv82RM2tic,NileRed,The clear ice myth,6600000,9,18,0,0,0,0,0,0,0,0,0,0,0,76.00618312757202,72.88108848306776,8.937633744855967,4.2781670475828815,0,0.0,2,0.07702674897119341,0.0
NDxrme-S2cE,NileRed,Liquefying nails is crazy,15000000,10,25,0,0,0,0,0,0,0,0,0,0,0,122.50339849108367,56.000841858509425,64.31542524005486,68.7665516135669,0,0.0,0,0.04395061728395062,0.1621604938271605
0msK5m7rbQE,NileRed,Making a bouncy egg by dissolving its shell,4400000,11,43,0,0,0,0,0,0,0,0,0,0,0,118.56572359396434,68.04511944188576,75.42620027434842,93.37313855504352,0,0.0,0,0.016344307270233196,0.0012997256515775034
1TNBFcxLG0g,NileRed,Mixing sodium and potassium is crazy,37000000,12,36,0,0,0,0,0,0,0,0,0,0,0,192.8618106995885,76.19485582773213,44.30922496570645,57.32487549372048,0,0.0,0,0.03673868312757202,0.002938957475994513
vfmifdya3dA,NileRed,Turning coke clear,5600000,13,18,0,0,0,0,0,0,0,0,0,0,0,200.19411865569273,80.93600235837862,54.18485253772291,80.87699832334789,0,0.0,0,0.04492455418381344,0.16840192043895746
BmH6Rr4hwRI,NileRed,This is what gallium does to aluminum,31000000,14,37,0,0,0,0,0,0,0,0,0,0,0,69.06627572016461,69.9918718374066,27.751673525377228,10.367610359404814,0,0.0,2,0.014636488340192044,0.004633058984910837
FHdisDmdR6g,NileRed,Making a green fireball is crazy,11000000,15,32,0,0,0,0,0,0,0,0,0,0,0,23.61011316872428,45.66095186585399,87.32283264746228,54.97554401521713,0,0.0,0,0.005819615912208505,0.004489026063100137
v1eAj2SR6rI,NileRed,Making bulletproof-er wood,3200000,16,26,0,0,0,0,0,0,0,0,0,0,0,110.34001371742113,90.09355715520243,73.84485596707819,40.512324055671236,0,0.0,0,0.03392661179698217,0.009715363511659808
JdG0xiu2I6Y,NileRed,Making Nordic Gold,59000000,17,18,0,0,0,0,0,0,0,0,0,0,0,53.99219135802469,59.90991285675392,72.03736282578875,60.70616942157791,0,0.0,0,0.03413237311385459,0.01005829903978052
EB9VT3hcETE,NileRed,Using a cabbage to do some chemistry,14000000,18,36,0,0,0,0,0,0,0,0,0,0,0,219.35022633744856,68.90421620570623,15.1240329218107,13.634889380473235,0,0.0,0,0.05770576131687243,7.887517146776407e-05
Zfwl-imUml8,NileRed,Freezing liquid nitrogen solid,10000000,19,30,0,0,0,0,0,0,0,0,0,0,0,105.81611111111111,51.25741786158139,14.216601508916323,6.778736478761803,0,0.0,0,0.03746913580246914,1.02880658436214e-05
WUVhPuV1_QE,NileRed,Turning a penny into a light bulb,6500000,20,33,0,0,0,0,0,0,0,0,0,0,0,111.23744170096022,70.68696453216802,83.43086419753087,66.23229900955982,0,0.0,0,0.017637174211248288,0.29259259259259257
sIGfMIuavps,NileRed,Popping corn on the cob in the microwave,6700000,21,40,0,0,0,0,0,0,0,0,0,0,0,95.1664403292181,54.6182921061821,152.1884670781893,92.95438199340788,0,0.0,0,0.023305898491083676,0.5758539094650206
8_lOnV7qgzk,NileRed,Melting soda cans into a metal bar,4100000,22,34,0,0,0,0,0,0,0,0,0,0,0,145.7745061728395,57.019752999245405,135.2580281207133,128.86189032081296,0,0.0,0,0.04236625514403292,0.19128600823045266
t4klesoNObo,NileRed,Making a block of perfectly clear ice,117000000,23,37,0,0,0,0,0,0,0,0,0,0,0,81.06471879286694,75.66450674540326,75.79195816186557,37.48560807856644,0,0.0,0,0.03405692729766804,0.109519890260631
zqa4QQLn17g,NileRed,Making glowing nylon goo,3200000,24,24,0,0,0,0,0,0,0,0,0,0,0,46.95553497942387,55.35626122316066,179.30237654320987,125.42421501331948,0,0.0,0,0.019046639231824418,0.0027469135802469136
YojYM6qIV38,NileRed,Dissolving a pure gold bar in acid,18000000,25,34,0,0,0,0,0,0,0,0,0,0,0,147.89930041152263,48.375723820975594,191.2311316872428,132.95639484958832,0,0.0,2,0.012513717421124828,0.24953017832647462
t9KNTBRqYtU,Cooking With Lynja,Truffle Hunting w/ @NickDiGiovanni !?!,51000000,1,38,0,0,1,1,0,0,0,0,0,0,0,134.59081618655694,49.719026692465015,60.56092592592593,40.088763185910395,0,0.0,0,0.041917009602194785,0.10938271604938271
fikm7ZvEYj0,Cooking With Lynja,McDonald’s in Rome!?!,20000000,2,21,0,0,1,1,0,0,0,0,0,0,0,130.01075445816187,73.27163220501997,86.78162894375858,50.70794663611482,1,0.10425838828086853,0,0.09027434842249657,0.1701920438957476
QDtp1L5GTnI,Cooking With Lynja,Italy vlog: Day 3!?!,11000000,3,20,0,0,1,1,1,0,0,0,0,0,0,124.81195130315501,65.41108650546015,77.28290809327846,42.697569800948145,1,0.32489898800849915,0,0.08491769547325104,0.1619684499314129
5V954ooZrHA,Cooking With Lynja,Italy Vlog: Day 2!?!,13000000,4,20,0,0,1,1,1,0,0,0,0,0,0,117.61957475994512,70.60220147253494,92.08650548696845,67.71980729485806,1,0.027517132461071014,0,0.05407064471879287,0.05756515775034293
gmmd7xJ9Amw,Cooking With Lynja,Italy Vlog: Day 1!?!,8100000,5,20,0,0,1,1,1,0,0,0,0,0,0,77.45121399176955,64.05628462024058,117.66847393689986,64.27648659530946,1,0.07707098126411438,0,0.038693415637860086,0.14333676268861453
sv_HA--pohU,Cooking With Lynja,The Cheesiest Pizza!?!,14000000,6,22,0,0,1,1,0,0,0,0,0,0,0,91.44092935528121,66.43714957756892,89.80064814814814,35.4507035118464,1,0.15893658995628357,0,0.048340192043895745,0.07971879286694102
DtdTPEcLeJI,Cooking With Lynja,Mini Ice Creams,14000000,7,15,0,0,0,0,0,0,0,0,0,0,0,76.31632373113855,46.768646666749206,105.7155281207133,43.93620291718238,1,0.10991836339235306,0,0.04952331961591221,0.11001028806584362
-caCDR_wY1c,Cooking With Lynja,5 levels of Cappuccino w/ @NickDiGiovanni!?!,107000000,8,44,0,0,1,1,1,0,0,0,0,0,0,92.73724622770919,65.28903872054808,83.33500342935528,37.56403902204502,1,0.05579055845737457,0,0.08175240054869685,0.17478052126200275
rHfvH75Z77w,Cooking With Lynja,The Perfect Rice!?!,7600000,9,19,0,0,1,1,0,0,0,0,0,0,0,124.81710219478738,61.471895741780415,66.16121056241427,30.047230384954705,1,0.07067402452230453,0,0.034084362139917695,0.04687242798353909
vMhE2yZJSNg,Cooking With Lynja,3 Levels of Eggplant!?!,32000000,10,23,0,0,1,1,1,0,0,0,0,0,0,100.89716735253772,51.641044903497836,105.62491426611797,44.0344573390411,1,0.07144875824451447,0,0.06203017832647462,0.06949245541838134
N6lF8TgHC4A,Cooking With Lynja,The Grilling Grandma: Pork Butt!?!,15000000,11,34,0,0,1,1,0,0,0,0,0,0,0,109.8376817558299,62.0121618772386,111.18614540466392,40.58595623686949,1,0.08040343970060349,0,0.026436899862825786,0.0297599451303155
8rIOsYLqPZU,Cooking With Lynja,100 Dollar Wagyu Steak!?!,76000000,12,25,0,0,1,1,1,0,0,0,0,0,0,103.21086076817558,53.23815819191962,98.10399862825788,45.43192322377767,1,0.11631771922111511,0,0.07935185185185184,0.1626474622770919
lgtHh8Pjpms,Cooking With Lynja,The Perfect Sugar Cookie!?!,8600000,13,27,0,0,1,1,0,0,0,0,0,0,0,103.08605281207133,53.38655098479467,69.6785219478738,36.58817771502383,1,0.0931280106306076,0,0.07416666666666667,0.13325102880658435
_Ncp_NoivbA,Cooking With Lynja,Questionable Squash!?!,11000000,14,22,0,0,1,1,0,0,0,0,0,0,0,129.1076474622771,44.472160838714245,86.0940706447188,45.874164801191164,1,0.2888247072696686,0,0.04968106995884773,0.1543689986282579
h1RGHcxpd2g,Cooking With Lynja,Shishito Peppers!?!,4800000,15,19,0,0,1,1,0,0,0,0,0,0,0,104.28002057613169,50.728845429133955,105.9791255144033,44.71787858754945,1,0.019947171211242676,0,0.05534979423868313,0.009276406035665295
6j8gWoqlOh0,Cooking With Lynja,Rose vs. Liquid Nitrogen!?!,7400000,16,27,0,0,1,1,0,0,0,0,0,1,0,137.7505795610425,64.55873173807277,68.24276063100137,49.382202376156556,1,0.20203158259391785,0,0.05573388203017833,0.2517112482853224
J89x5vmPB2A,Cooking With Lynja,Cooking Dinosaur!?! 🦕,201000000,17,21,1,0,1,1,0,0,0,0,0,0,0,65.21049039780522,60.3942838149735,72.4484465020576,30.76767080192962,0,0.0,0,0.07092249657064473,0.07748628257887517
9A2oRZbih64,Cooking With Lynja,Classic Picnic Perfect Queso!?!,4700000,18,31,0,0,1,1,0,0,0,0,0,0,0,105.90325445816187,63.37723185442242,87.55550411522634,40.65600640176967,1,0.37401723861694336,0,0.04319615912208505,0.11301440329218107
nEvrPn18Aas,Cooking With Lynja,Marinated Egg!?!,6700000,19,16,0,0,1,1,0,0,0,0,0,0,0,107.3524451303155,35.400388520407844,96.18367626886145,42.40051357682424,1,0.18706035614013672,0,0.018535665294924557,0.22171467764060357
4V8BoaSUSsw,Cooking With Lynja,7-Layer Dip Delight With Queso,6500000,20,30,0,0,0,0,1,0,0,0,0,0,0,82.53318587105625,58.78915771363592,120.32287037037037,51.639669028178744,1,0.16997495293617249,0,0.05857338820301783,0.0787997256515775
FYHOjDMHnqk,Cooking With Lynja,Making Bacon Pancakes!?!,6700000,21,24,0,0,1,1,0,0,0,0,0,0,0,104.80207133058985,49.98020946980032,110.16461934156379,60.21601886145761,1,0.038518503308296204,0,0.1483196159122085,0.0481275720164609
gwiGJN0oUoE,Cooking With Lynja,Head Scarf Lynja,7700000,22,16,0,0,0,0,0,0,0,0,0,0,0,155.80595336076817,66.77386227671994,67.54940672153636,29.543208067726273,0,0.0,0,0.009859396433470507,0.09345336076817558
rY_epvSGwAY,Cooking With Lynja,Karaage aka Japanese Fried Chicken 🍗,6400000,23,36,1,0,0,0,0,0,0,0,0,0,0,107.58092592592592,48.71271238715675,96.54623113854595,42.464332105106365,1,0.4041489064693451,0,0.03754115226337448,0.2755109739368999
WKM9hTl47BI,Cooking With Lynja,Crunchiest Potato 🥔,8500000,24,19,1,0,0,0,0,0,0,0,0,0,0,113.82342249657064,46.80795879914238,81.70684499314129,48.28804726789469,1,0.08162667602300644,0,0.01850137174211248,0.13404663923182442
3521iHDUGLA,Cooking With Lynja,Buffalo Wings,8600000,25,13,0,0,0,0,0,0,0,0,0,0,0,103.83804183813443,40.77917321097303,123.31776406035665,70.21444379181867,0,0.0,0,0.042328532235939645,0.022657750342935528
n4jC83Byt3k,5-Minute Crafts,☀️ YOU NEED THIS SUMMER HACK RIGHT NOW! 🤯🔥 #shorts #parenting,286000,1,61,3,2,0,1,0,0,7,1,0,0,0,166.6165466392318,48.29292496904768,115.34486282578875,91.84237061251743,1,0.03277486935257912,0,0.07429012345679013,0.031141975308641975
hNCPw01Dzhk,5-Minute Crafts,PARENTING PRO TIPS || Fun Hacks for Everyday Challenges,336000,2,55,0,0,0,0,0,0,3,0,0,0,0,144.94543552812073,48.58415318907754,120.64063786008231,93.40056293297366,1,0.18676890432834625,0,0.025524691358024692,0.3365534979423868
NlJh2VtArgc,5-Minute Crafts,Mind-Blowing Mini Craft Magic! #DIY #epoxy,339000,3,42,0,2,0,1,0,0,1,0,0,0,0,189.6864609053498,29.79311182414766,144.117170781893,102.29314314927623,0,0.0,2,0.057733196159122084,0.0755761316872428
oJcNzBDmw9M,5-Minute Crafts,Valentine or Birthday idea that you will gasp about! ❤️😍,442000,4,56,2,0,0,1,0,0,0,1,0,0,0,121.5982133058985,54.36431339474268,94.05251371742112,52.90465387621289,0,0.0,0,0.1299108367626886,0.09696502057613168
1HacIQ-iFmo,5-Minute Crafts,🌈 DIY RAINBOW Crafts for School 🖍️,492000,5,34,2,0,0,0,0,0,2,0,0,0,0,146.3389609053498,34.2976485497129,134.54293552812072,97.57760152730167,0,0.0,0,0.02380315500685871,0.13160493827160494
2Awhz4zWmCc,5-Minute Crafts,THIS IS AWESOME! 🤖💰 DIY Cardboard Coin Bank,408000,6,43,2,0,0,1,0,0,3,0,0,0,0,134.5575514403292,56.65299545119422,74.66794924554183,54.56752045118118,0,0.0,0,0.12911522633744854,0.004320987654320987
KiIYEMm_P8Q,5-Minute Crafts,THE GRINCH TOOK OVER MY TREE! 🎄🟢 Easy Christmas Tree Decorating Hacks! 🏆,410000,7,72,3,0,0,1,0,0,5,0,0,0,0,86.18736625514403,61.57276515059012,66.63479080932785,30.80373468364367,1,0.010807190090417862,0,0.10246570644718793,0.027030178326474624
LHlvMFaaY8s,5-Minute Crafts,Easy DIY colourful Crafts for school! ✨,439000,8,39,1,0,0,1,0,0,1,0,0,0,0,161.48806927297667,38.7606411997715,170.5704561042524,175.46089647668654,0,0.0,3,0.03579561042524005,0.016069958847736626
rCWFQ1sub8E,5-Minute Crafts,MATH IS FINALLY FUN! 🤓 Learning With The WOW Cube! ➕,374000,9,52,2,0,0,1,0,0,4,0,0,0,0,118.19916323731138,50.04636572427534,131.18917695473252,96.83507622625766,1,0.31171348690986633,0,0.018460219478738,0.6080418381344307
zkmWY1SU2Zo,5-Minute Crafts,Festive DIY Christmas cards you can make at home 🎄,354000,10,50,1,0,0,0,0,0,1,1,0,0,0,49.22249657064472,44.62154077698031,214.88933127572017,94.97666017838678,0,0.0,0,0.07165637860082305,0.30214334705075446
J4iIjB1iJ8U,5-Minute Crafts,Made with WowCube 🪴🎲 Order Now! #wowcube,284000,11,40,2,1,0,1,0,0,0,0,0,0,0,105.01628257887518,44.31116980143018,175.12070644718793,105.85848666766782,0,0.0,0,0.09840877914951988,0.0004595336076817558
14XGrVdJKQ8,5-Minute Crafts,Epic 3D Print! 🚀 WowCube Stand #wowcube,347000,12,39,1,1,0,1,1,0,0,0,0,0,0,135.2890329218107,77.03557053730775,115.98102537722909,99.722537225578,1,0.025459961965680122,0,0.02339506172839506,0.040411522633744854
BrgcCz8hi-g,5-Minute Crafts,DIY magical shoes to feel like Cinderella 💎👠,341000,13,44,2,0,0,0,0,0,1,0,0,0,0,128.9358950617284,48.33556099188785,135.60121056241425,79.62911623543903,0,0.0,0,0.015284636488340192,0.33753086419753087
_2f4hajsNXk,5-Minute Crafts,DIY Aloe Vera Beauty hacks for your routine 🌿🌱🍃,681000,14,47,3,0,0,0,0,0,1,1,0,0,0,153.49752400548698,34.42800803638915,139.1869375857339,84.18100343090865,0,0.0,0,0.02532578875171468,0.06890946502057613
2UdbvMv4YEI,5-Minute Crafts,School hacks for the coolest student 📚,408000,15,38,1,0,0,0,0,0,0,0,0,0,0,172.83264060356652,80.54118429760955,62.56111454046639,60.93771429347662,0,0.0,0,0.028569958847736623,0.25401577503429357
pQ_nQodtTt8,5-Minute Crafts,Sneaker Upgrade! DIY Laptop Bag from Old Shoes 👟💻,601000,16,49,2,0,0,1,0,0,1,0,0,0,0,103.83586762688614,56.919611431407084,139.6768038408779,99.18314521520287,0,0.0,0,0.026327160493827162,0.07183127572016461
obd5HP3iMaA,5-Minute Crafts,Best Christmas Gift? WowCube! 🎁 Order Now! #wowcube,390000,17,51,1,1,1,1,0,0,0,0,0,0,0,91.7232475994513,57.96674803652922,155.17238683127573,63.21923263753196,1,0.06129268556833267,0,0.02540466392318244,0.3273936899862826
65pT1vHZmzs,5-Minute Crafts,WowCube Wrapped Flawlessly 🎁 Order Now! #wowcube,496000,18,48,1,1,0,1,0,0,0,0,0,0,0,142.01843964334705,57.80681606026075,74.17702331961591,53.47598421758407,0,0.0,0,0.04853909465020576,0.06149519890260631
Eo-8wI4-10o,5-Minute Crafts,Custom Leather Case for My WowCube! 😎 #wowcube,430000,19,46,1,1,0,1,0,0,0,0,0,0,0,117.72094650205761,31.870097963992034,115.42017146776406,96.57759736263505,0,0.0,0,0.015147462277091907,0.15011659807956104
FKigf6Qmq-U,5-Minute Crafts,"SOMEONE’S BREAKUP GOT US A NEW ""WOW CUBE""! 💔➡️✨",395000,20,47,3,0,0,1,0,0,6,0,0,0,0,128.9851474622771,65.29818374705476,85.17512345679012,51.556774749744605,0,0.0,0,0.13825445816186557,0.07036351165980796
7tXzjh__yyA,5-Minute Crafts,WowCube DIY Twist 🤯 Order Now! #wowcube,390000,21,39,1,1,0,1,0,0,1,0,0,0,0,134.1280624142661,76.19400768082251,96.6538340192044,59.74709974318985,0,0.0,0,0.09830589849108368,0.1812002743484225
NqpTEBxt0qQ,5-Minute Crafts,WowCube = Best Gift Ever! 🎁 Order Now! #wowcube,1500000,22,47,1,1,0,1,0,0,0,0,0,0,0,138.70307613168725,58.31631728421862,118.85082647462276,67.68516652919956,1,0.038292501121759415,0,0.12209533607681756,0.03063100137174211
TzR9WdKxNzE,5-Minute Crafts,A gift from the ocean? Mysterious WOWCube found 🌊❓ #unexpected #wowcube,447000,23,71,2,2,1,0,0,0,0,0,0,0,0,135.1588100137174,55.86803800319146,110.14824074074075,49.511558055611964,0,0.0,0,0.13463648834019204,0.0470679012345679
v_tMO_AE2xM,5-Minute Crafts,Sprunki Hunt on WowCube! 🎲 Order Now! 👾 #wowcube,378000,24,48,2,1,0,1,0,0,0,0,0,0,0,157.53743141289436,61.19109595687703,99.72197530864197,75.92818595851878,1,0.08005333691835403,0,0.04075445816186557,0.05762688614540466
LJqF79Tag94,5-Minute Crafts,"Subscribe to @TotallySpiesChannel 💥 A must-watch blend of comedy, action, and drama",368000,25,83,1,0,0,0,0,0,0,0,0,0,0,157.99784979423868,59.64985128859166,112.8689574759945,64.00720901745277,0,0.0,0,0.07296639231824416,0.04997942386831276
EM9wox54F2g,Dude Perfect,3 Second v. 3 Day Trickshots,1300000,1,28,0,0,0,0,1,0,0,0,0,0,0,101.04008230452675,84.23473357993521,94.24745884773662,68.79917521959781,1,0.01792190410196781,0,0.04667695473251029,0.07161522633744856
u6RTMCclpSQ,Dude Perfect,Playing Sports By Their Literal Names 🤣,1000000,2,39,1,0,0,0,0,0,0,0,0,0,0,85.44526063100137,85.01995590502601,88.1529183813443,25.363486281603176,1,0.0029403658118098974,0,0.06878600823045268,0.005315500685871056
HKdAMTdCcwA,Dude Perfect,Hitting Faster & Faster Targets,1700000,3,31,0,0,0,0,0,0,0,0,0,0,0,138.63520576131688,66.56983681404624,109.16183127572016,87.05559643919399,0,0.0,0,0.08343278463648834,0.0920713305898491
ZHBb9zqtldU,Dude Perfect,Paper Rip Trick @Zack D. Films,1100000,4,30,0,0,0,0,0,0,0,0,0,0,0,132.39078189300412,43.09023802722884,137.5472256515775,115.63315309913789,2,0.08626610040664673,0,0.04074417009602195,0.03693415637860082
gFD4baxxS6M,Dude Perfect,POOL FIGHT!,432000,5,11,0,0,0,1,0,0,2,0,0,0,0,85.24248971193416,66.68171835106881,128.0295987654321,44.81179322346831,2,0.013453898951411247,0,0.03686899862825788,0.0723045267489712
upQmoSkNIqg,Dude Perfect,Watermelon Slice Hack @Zack D. Films,2700000,6,36,0,0,0,0,0,0,0,0,0,0,0,102.91755829903978,49.971638736274336,128.79181069958847,83.5885837401085,2,0.005612861830741167,0,0.03843278463648834,0.11940329218106996
IBHojlaIzF4,Dude Perfect,Can You Guess The Athlete?,1000000,7,26,0,0,1,0,0,0,0,1,0,0,0,104.07019204389574,81.02113268394692,33.278641975308645,32.818820551809814,3,0.015148923732340336,0,0.06494855967078189,0.019307270233196158
Z5sall8UMuU,Dude Perfect,Can We Teach A Bear to Subscribe?,535000,8,33,0,0,1,0,0,0,0,0,0,0,0,171.92517146776407,73.08721834725121,56.33801440329218,45.720309157901475,1,0.0048994398675858974,0,0.10501714677640603,0.05387174211248286
82G7mMqg7aU,Dude Perfect,Best Feelings Playing Sports 🤣,1300000,9,30,1,0,0,0,0,0,0,0,0,0,0,130.5808744855967,59.097116333253155,129.44492112482854,109.13512275802844,1,0.023946909233927727,0,0.0818758573388203,0.1251886145404664
E_8tehki6L4,Dude Perfect,Don’t Get Stuck With The Ball!,3900000,10,30,0,0,0,1,0,0,0,0,0,0,0,124.31722222222223,52.53587148376145,60.73148491083676,77.42692554741438,0,0.0,0,0.09165980795610426,0.03013374485596708
PuAriGhVny4,Dude Perfect,Butter Candle Hack @Zack D. Films,4600000,11,33,0,0,0,0,0,0,0,0,0,0,0,137.41066872427984,40.62504890825794,78.29016803840878,52.62124525669718,2,0.014244030229747295,0,0.02114883401920439,0.021035665294924556
wRMb8eEnOgg,Dude Perfect,How Many Bounces?,5700000,12,17,0,0,1,0,0,0,0,0,0,0,0,139.86688614540466,46.48133499507019,112.08135802469135,102.81608716760141,2,0.0040763914585113525,0,0.046131687242798355,0.018024691358024692
1BkdKeQkd3Y,Dude Perfect,Insane Rocket Football Catch 🤯,1400000,13,30,1,0,0,0,0,0,0,0,0,0,0,155.0428669410151,72.60657216497314,73.85305898491083,53.78474116323173,1,0.07751383632421494,0,0.025572702331961593,0.07691358024691358
Kmo-zrTV3wI,Dude Perfect,Ender Pearls in Sports 🤣,3800000,14,24,1,0,0,0,0,0,0,0,0,0,0,131.11977023319616,51.22591682213404,87.61201989026063,65.56249550181099,0,0.0,0,0.0636522633744856,0.0009224965706447188
V5ZfUAT3xOY,Dude Perfect,Last One Standing Wins!,2800000,15,23,0,0,0,1,0,0,0,0,0,0,0,155.72820987654322,61.474894491674696,105.23942386831276,110.81525831115681,4,0.018404090777039528,0,0.047400548696845,0.2517798353909465
uU4FKHPuHf0,Dude Perfect,Don’t Pop the Red Balloon 🎈,1200000,16,27,1,0,0,0,0,0,0,0,0,0,0,82.3074451303155,63.84487051066353,125.37234567901234,128.14388861376509,0,0.0,0,0.039002057613168724,0.11994513031550069
LtOUiy5nvMs,Dude Perfect,The Ultimate Penalty Kick,1500000,17,25,0,0,0,0,0,0,0,0,0,0,0,102.37947530864197,64.54533466398011,52.350048010973936,27.77749184756123,0,0.0,0,0.06299725651577504,0.00360082304526749
yGeZVTtx99c,Dude Perfect,Guess The Athlete By Their Baby Photo 👀,1200000,18,39,1,0,0,0,0,0,0,0,0,0,0,112.44177297668038,64.07621018071116,127.10510288065844,88.97602489082828,4,0.10887167602777481,0,0.09556241426611797,0.21501371742112482
b6OS-WlHX1M,Dude Perfect,Which Is The Best? 🤣,2900000,19,20,1,0,1,0,0,0,0,0,0,0,0,132.16044924554183,57.3427291582405,52.181090534979425,43.28055402683175,1,0.00435748603194952,6,0.12001371742112482,0.014547325102880659
ivsMDYMahv8,Dude Perfect,Who Can Kick Every Field Goal?,5900000,20,30,0,0,1,0,0,0,0,0,0,0,0,77.81469135802469,49.808427397948726,114.1318792866941,71.53436878940855,1,0.010554574429988861,0,0.06136831275720164,0.021958161865569273
ZaXqUUAUEII,Dude Perfect,Rocket League IRL is Electric,3500000,21,29,0,0,0,0,0,0,1,0,0,0,0,116.45747256515774,60.997592618658985,83.59284293552813,57.4842283977215,0,0.0,0,0.07891975308641976,0.018419067215363513
yNORwoEH-K8,Dude Perfect,Who Did It Best? 👀,1700000,22,18,1,0,1,0,0,0,0,0,0,0,0,120.5630109739369,58.05385614608737,92.6057853223594,65.33051317520301,1,0.011602913029491901,0,0.1157750342935528,0.03664609053497942
I2f61MF4s1Y,Dude Perfect,4 in a Row: Football 🏈,10000000,23,22,1,0,0,0,1,0,0,0,0,0,0,121.1408573388203,59.28740605925336,65.96979423868312,64.11057318979783,0,0.0,0,0.05440672153635116,0.09266460905349794
_VCLKrL4ths,Dude Perfect,Can We 3PT With This?,1600000,24,21,0,0,1,0,1,0,0,0,0,0,0,145.93640260631003,58.44619967516202,60.26769890260631,60.02876115381501,1,0.008242184296250343,0,0.06460219478737997,0.017637174211248285
KOYd-ay6U3k,Dude Perfect,The Farthest Nerf Shot EVER! 🤯,9400000,25,30,1,0,0,1,0,0,1,0,0,0,0,144.15073731138546,53.03671048360176,127.39895747599451,85.72987801932881,0,0.0,0,0.061152263374485594,0.015044581618655692
bVX4f1gPJSM,東海オンエア,[First Time] Recitals is releasing an album!,1400000,1,44,0,0,0,1,0,0,0,0,0,0,0,129.09796296296295,68.50320313293298,65.28232853223594,38.83564467809348,3,0.017571529373526573,0,0.10069615912208504,0.06459876543209876
Deme5OYCuQg,東海オンエア,[Unprecedented] One person eats 50 Mister Donuts! ! ! ! ? [That magnifying glass guy],1300000,2,85,0,0,1,1,1,0,0,0,0,0,0,146.5601303155007,76.42301068834982,77.92171467764061,69.58536282036758,1,0.07587075233459473,0,0.11923525377229081,0.06905349794238683
dBFSR2i7iuY,東海オンエア,[Live Stream] Humanities vs. Science! The first one to finish Professor Layton wins! [Loser has t...,1300000,3,100,0,0,0,1,0,0,0,0,0,1,0,183.54350480109738,76.75807080566123,43.95108710562414,59.25560177525332,6,0.009560346603393555,0,0.1300445816186557,0.03174554183813443
p3zxLPWAM_E,東海オンエア,The infamous bat has retired.,1600000,4,29,0,0,0,0,0,0,0,0,0,0,0,115.7481001371742,64.46549807615472,66.4827537722908,25.813313438063467,2,0.006005683448165655,0,0.054441015089163235,0.05327846364883402
C9R-u5n5TMs,東海オンエア,[Thank you] Thank you so much! | Teaser,1900000,5,39,0,0,0,1,0,0,0,1,0,0,0,30.271395747599453,35.24434923487963,157.62909807956103,25.437000272640013,3,0.014534165151417255,0,0.023223593964334703,0.005164609053497943
tL_cr0JabHQ,東海オンエア,【年末】りょうが死ぬたびにワールド消滅するウィザー討伐チャレンジ！！！【リベンジリベンジ】,1500000,6,45,0,0,0,1,0,1,0,0,0,0,0,132.1120267489712,75.5452817865767,89.9262208504801,62.352138609121106,4,0.016594702377915382,0,0.0895610425240055,0.10634087791495199
15YNeRh3uTs,東海オンエア,Rescheduled → [Revenge] A Wither subjugation challenge where the world disappears every time Ryo ...,1100000,7,100,0,0,0,0,0,0,0,0,0,0,0,148.3679938271605,73.35800203971766,75.90212962962963,68.83574216810406,3,0.013297531753778458,1,0.12641975308641973,0.09404663923182442
W4B67ttarYM,東海オンエア,"[Live Stream] Wither Defeat Challenge: Every Time Ryo Dies, the World Will Be Destroyed!!! [Start...",1300000,8,100,0,0,0,1,0,0,0,0,0,0,0,140.77941700960218,78.49691857994343,81.46567215363511,69.97562610195523,4,0.014319822192192078,1,0.13554526748971193,0.054108367626886145
w-hexJfOlq4,東海オンエア,[Ryo] Summarize in 90 seconds ~Star Wars~ #shorts #trending,536000,9,59,0,2,0,0,1,0,0,0,0,0,0,33.915,69.2882800951149,80.01019547325103,49.11677833270384,1,0.03217184916138649,0,0.04724965706447188,0.008607681755829905
m34sAtoU-ps,東海オンエア,[Shibayu] Summarize in 90 seconds ~Star Wars Edition~ #shorts #trending,472000,10,71,0,2,0,0,1,0,0,0,0,0,0,44.06691700960219,75.65731109220248,78.56759602194788,51.202855980620285,1,0.032129768282175064,0,0.05824759945130315,0.009989711934156379
etAZHoNl2nU,東海オンエア,[Tetsuya] Summarize in 90 seconds ~Star Wars Edition~ #shorts #trending,690000,11,71,0,2,0,0,1,0,0,0,0,0,0,41.57220853858785,71.72303249442433,85.49135878489327,48.11623922472579,1,0.030709486454725266,0,0.05084838533114395,0.048929255610290094
0oeLx5lMRa4,東海オンエア,[Magnifying Glass] Summarize in 90 seconds ~Star Wars Edition~ #shorts #trending,434000,12,80,0,2,0,0,1,0,0,0,0,0,0,36.41609195402299,70.62127486297057,67.57025519978106,34.80838466184703,1,0.039434004575014114,0,0.04578886152162014,0.022239326765188833
rnbxm8pXFxU,東海オンエア,Legend Hip Man VS. Plastic Bat VS. That Thing Prince Shotoku Has,2100000,13,64,0,0,0,0,0,0,0,0,0,1,0,118.45422496570644,67.2950139249504,77.65255144032922,42.142208400595905,2,0.0051438394002616405,0,0.04760973936899863,0.009698216735253772
8ko1eeSPFp0,東海オンエア,[Made by Shibayu] A feel-good video you can watch forever,1300000,14,57,0,0,0,0,0,0,0,1,0,0,0,38.25579561042524,70.40833265035427,89.01752400548696,51.37246242142827,2,0.03152967616915703,0,0.04949931412894376,0.005411522633744856
XK_6SvROUO0,東海オンエア,【としみつ作】ずっと見れちゃう気持ちいい動画,698000,15,22,0,0,0,0,0,1,0,0,0,0,0,32.21157407407407,64.29700977633395,92.55125514403292,47.316132876890585,2,0.028291892260313034,0,0.04938271604938272,0.004475308641975309
c5lFK1yfZ7w,東海オンエア,【ゆめまる作】ずっと見れちゃう気持ちいい動画,1600000,16,22,0,0,0,0,0,1,0,0,0,0,0,39.36877914951989,68.25764474702272,82.88696502057613,47.111492611796656,1,0.037870462983846664,0,0.046680384087791495,0.009814814814814814
jUJEOS9CQyk,東海オンエア,[Ryosaku] A feel-good video you can watch forever,725000,17,49,0,0,0,0,0,0,0,1,0,0,0,28.472133058984912,63.05255509131519,89.38288751714677,49.49288470394467,2,0.03142719715833664,0,0.03747942386831275,0.005294924554183814
bdDiQd6P1vQ,東海オンエア,【てつや作】ずっと見れちゃう気持ちいい動画,716000,18,21,0,0,0,0,0,1,0,0,0,0,0,35.475418381344305,66.75793541089811,96.23834019204389,50.483872440997935,2,0.03024154156446457,0,0.044283264746227714,0.04411522633744856
_0WYKvmPkZE,東海オンエア,[Tomorrow] Live streaming until all 100 crafts are made!!! [Starting at 13:00],1100000,19,78,0,0,0,1,1,0,0,0,0,0,0,112.57912551440329,72.36468367136467,0.05599794238683128,0.13518755051398765,1,0.11791369318962097,0,0.0914026063100137,0.0
1r2CrR4Qi_A,東海オンエア,"[By the way] I want to see Tetsuya's masterpiece, Bee Numa, enter the story!",878000,20,76,0,0,0,1,0,0,0,0,1,0,0,111.49100823045268,56.05091638671089,92.40522633744855,70.32700084397668,3,0.008451727218925953,0,0.08722565157750344,0.15786351165980794
7vuEv48uplw,東海オンエア,くじで引いた時間でコスプレしてこ〜い！,1200000,21,19,0,0,0,1,0,1,0,0,0,0,0,142.3343587105624,67.7689838294278,69.14045953360768,52.760091048012825,4,0.006264132913202047,0,0.1280212620027435,0.03644718792866941
m4KYCAR52u4,東海オンエア,動画イントロクイズをしたかった…【大失敗編】,1500000,22,22,0,0,0,0,0,1,0,0,0,0,0,112.19364540466393,73.34359903887844,73.69821330589849,51.70654094980384,2,0.026190584525465965,0,0.11692043895747599,0.07685871056241426
ypBvGYXiQWw,東海オンエア,【東海研究所】液体窒素でかんたんアイスコーヒー作り！,1700000,23,26,0,0,0,1,0,1,0,0,0,0,0,197.65461934156377,60.1975625072701,85.85398834019205,89.267435451167,2,0.04507417976856232,0,0.06336076817558298,0.1426508916323731
YO8Z7DYqdxs,東海オンエア,【生配信】寝たら即敗退！桃鉄100年決戦！！！【12月26日 18時スタート】,1500000,24,39,0,0,0,1,1,1,0,0,0,0,0,147.11776406035665,71.30269499863093,76.21970850480109,57.518570724676835,5,0.006688754539936781,0,0.11691700960219478,0.049173525377229084
JDNctTLm-PQ,東海オンエア,[Behind the Scenes] Survive a midsummer shoot with a cooling tank top,2000000,25,69,0,0,0,0,0,0,0,0,0,0,0,120.01480109739369,58.267988153693416,60.19449931412895,31.655457345097897,2,0.007688798010349274,0,0.14838134430727024,0.023319615912208505
wZ-br-6MiVI,はじめしゃちょー（hajime）,スイカの中から何が出てくる？！🍉,729000,1,16,1,0,1,1,0,1,0,0,0,0,0,132.55382716049382,64.57582635592343,50.5729561042524,33.32668088282592,3,0.037187207490205765,0,0.07816872427983539,0.03095679012345679
pHwzMIP-deM,はじめしゃちょー（hajime）,大丈夫だと思って笑ってたらマジでヤバい時,145000,2,20,0,0,0,0,0,1,0,0,0,0,0,119.6441975308642,61.85404838587608,44.93110425240055,20.422818630354673,0,0.0,0,0.04589849108367627,0.0011454046639231825
TcFk59Z0Moc,はじめしゃちょー（hajime）,I Bought a Futuristic Trash Can.,3900000,3,32,0,0,0,0,0,0,0,0,1,0,0,138.0227366255144,50.75259226474854,54.24645404663923,31.073332572893733,1,0.017485035583376884,0,0.04818930041152263,0.013278463648834019
aweVlhDvzZE,はじめしゃちょー（hajime）,This Lawson convenience store bento is so simple it’s insane lolololol,1100000,4,70,0,0,0,0,0,0,0,0,0,0,0,166.02475651577504,51.911365723029796,37.3159122085048,37.655057518811894,0,0.0,0,0.04877572016460906,0.008082990397805212
ihSuYfFKy1g,はじめしゃちょー（hajime）,A HUGE box just arrived from HIKAKIN!!!,2700000,5,39,0,0,0,1,0,0,2,0,0,0,0,152.7614231824417,51.173274846040286,118.3038683127572,112.07823810567419,1,0.02233264595270157,0,0.03566529492455418,0.02112139917695473
rIV4ZArQzSU,はじめしゃちょー（hajime）,Hajime Syacho's Top 3 Most Difficult Projects Ever,1000000,6,50,0,0,0,0,1,0,0,0,0,0,0,150.42630315500685,73.94903437755707,52.2285768175583,38.46589154465673,1,0.023963501676917076,0,0.12728737997256515,0.027722908093278462
W_5os_uhYf0,はじめしゃちょー（hajime）,ストローキャッチバトル💥,230000,7,12,1,0,0,0,0,1,0,0,0,0,0,147.5874279835391,52.08257612983693,71.49383058984911,84.2415798340158,1,0.018509473651647568,0,0.07770233196159122,0.03540466392318244
8dCnWznKePg,はじめしゃちょー（hajime）,Blind Taste Test: Fast Food French Fries🍟,1100000,8,41,1,0,0,0,0,0,0,0,0,0,0,140.6247633744856,58.782567629745934,60.414413580246915,58.6487562626006,1,0.015618901699781418,0,0.07968792866941016,0.06244513031550068
tuqd5ezeHds,はじめしゃちょー（hajime）,【VIVANT】Hameen: The Miracle Girl Who Can Tell Good From Evil Through Photos,299000,9,75,0,0,0,0,0,0,1,0,0,0,0,142.48750685871056,57.28009839773023,56.43261659807956,46.97273105812577,2,0.010521985590457916,0,0.10104595336076817,0.056001371742112484
3XqnX5dfbxo,はじめしゃちょー（hajime）,お風呂にバスボム100個ブチ込むドッキリ,1600000,10,20,0,0,0,0,1,1,0,0,0,0,0,142.172719478738,71.00155038936543,34.561556927297666,27.471531656117737,1,0.0031827634666115046,0,0.10625857338820302,0.010360082304526749
QMf7P7g_Bac,はじめしゃちょー（hajime）,"It looks dangerous, but it's safe",11000000,11,33,0,0,0,0,0,0,0,0,0,0,0,128.18172839506173,64.37498597889999,82.68388888888889,62.525215489229055,0,0.0,0,0.12235253772290809,0.0004972565157750343
e6ucMO-Dyyk,はじめしゃちょー（hajime）,キーパーキャッチチャレンジ⚽️⚾️🏀💀,582000,12,19,4,0,0,0,0,1,0,0,0,0,0,159.47244170096022,52.40603369949085,37.04716735253772,34.802406321879154,1,0.004020283464342356,0,0.03906035665294925,0.010408093278463648
BsWSu5keUpM,はじめしゃちょー（hajime）,巨大な氷にいろんな大きさの1000℃の鉄球を落としてみよう！🔥,3700000,13,31,1,0,0,1,1,1,0,0,0,0,0,106.86044238683128,60.938071279104236,54.865418381344305,47.332692232042454,0,0.0,0,0.042938957475994514,0.07199931412894375
oeFk1h_DO0w,はじめしゃちょー（hajime）,ヘビにバレないようにお金を盗め！💴🐍,976000,14,18,2,0,0,1,0,1,0,0,0,0,0,132.24631001371742,63.08733449019782,82.73678669410151,68.09321657890237,4,0.06750819087028503,0,0.09124142661179699,0.04281893004115226
7K-lza0iCKc,はじめしゃちょー（hajime）,"[SHOCKING] Wait, what are you actually doing?",3300000,15,45,0,0,1,0,0,0,1,1,0,0,0,136.05340877914952,60.3790022291767,61.1774451303155,44.23956054937405,1,0.02241019532084465,0,0.07649519890260631,0.07239368998628258
yh9DxRdsKMQ,はじめしゃちょー（hajime）,はじめしゃちょーが最近ハマってるYouTuberは？,956000,16,26,0,0,1,0,0,1,0,0,0,0,0,153.81996913580247,65.52014287079773,35.638659122085045,28.74624016724777,1,0.02703147381544113,0,0.12565157750342934,0.015648148148148147
47bI2d1N1C4,はじめしゃちょー（hajime）,🏓💧,411000,17,2,2,0,0,0,0,0,0,0,0,0,0,142.68152263374486,52.009071688250984,70.90569958847736,78.1780958815544,2,0.006667806301265955,0,0.05787379972565158,0.05743141289437586
92JItR7gWLo,はじめしゃちょー（hajime）,人を割ってはいけないスイカ割り🍉,540000,18,16,1,0,0,0,0,1,0,0,0,0,0,133.43911179698216,53.28344190755344,84.06579218106995,87.46136136999985,1,0.0033180671744048595,0,0.08390946502057613,0.0028155006858710564
lwEhNwCGFpc,はじめしゃちょー（hajime）,How many hits to drive it in??? Nail-driving contest,534000,19,52,0,0,1,0,0,0,0,0,0,0,0,142.28717764060357,62.19046705275696,74.94152949245542,69.15148150351307,3,0.0289283599704504,0,0.07871056241426612,0.011361454046639232
Uh6-8SNrXWA,はじめしゃちょー（hajime）,全身水槽をカラフルにしたらキモ過ぎたwwwww,685000,20,23,0,0,0,0,0,1,0,0,0,0,0,120.64283607681756,59.20313970973395,93.73173182441701,68.29230805022279,1,0.016832860186696053,0,0.052798353909465016,0.015349794238683127
DX3aFIgbZO4,はじめしゃちょー（hajime）,Pranking someone by stuffing an industrial freezer to the brim with Gari-Gari Kun popsicles lolol...,1300000,21,100,0,0,0,0,0,0,0,0,0,0,0,132.6436694101509,63.572580414041425,66.30801783264747,44.88554122925652,0,0.0,0,0.1257167352537723,0.013899176954732511
H-8TGvF65n4,はじめしゃちょー（hajime）,いろんな種類のカップラーメン混ぜまくったら…🍜,3900000,22,23,1,0,0,0,0,1,0,0,0,0,0,141.50724965706448,44.968552137293706,88.30653635116597,63.06237647230341,0,0.0,0,0.060449245541838136,0.03989026063100137
fZ4FGzUSR9g,はじめしゃちょー（hajime）,何人入れるの？,1300000,23,7,0,0,1,0,0,1,0,0,0,0,0,134.3066255144033,53.08096024178868,35.49894375857339,32.366238002851425,2,0.014202666468918324,0,0.07417695473251029,0.012376543209876543
fDji5jSWtMw,はじめしゃちょー（hajime）,罰ゲームルーレット回したら…,456000,24,14,0,0,0,0,0,1,0,0,0,0,0,153.82562414266118,71.58557167333635,57.703624828532234,44.501594773506795,1,0.016614854335784912,0,0.0532235939643347,0.04449931412894376
Ikw44MEtNLY,はじめしゃちょー（hajime）,【神業】5億円の家の向こう側でキャッチします。,1600000,25,23,0,0,0,0,1,1,0,0,0,0,0,118.23835733882031,47.5609199255058,61.40815500685871,63.45774739613797,0,0.0,0,0.08055898491083677,0.07260973936899863
1xI_lsZ4sxI,Mrwhosetheboss,Which AI is smartest?,18000000,1,21,0,0,1,0,0,0,0,0,0,0,0,108.49434842249657,59.8802962492374,74.05497599451303,55.74019633948167,1,0.0474407784640789,0,0.06179698216735254,0.08560356652949246
Oa3Ffr_04js,Mrwhosetheboss,Eight Sleep just COOKED,1500000,2,23,0,0,0,0,0,0,1,0,0,0,0,135.69076131687243,81.30638815094979,55.70984910836763,33.11111953816466,1,0.05319857597351074,0,0.12476337448559671,0.01770233196159122
dzZlf2OYRnU,Mrwhosetheboss,Questions that AI can't answer,3100000,3,30,0,0,0,0,0,0,0,0,0,0,0,76.48760631001372,45.2818969272708,124.09941015089163,50.92715940627434,1,0.08567902445793152,0,0.03754115226337448,0.045829903978052124
3YcdmkZx7Fw,Mrwhosetheboss,iPhone 18 Pro - Does variable aperture matter?,1900000,4,46,0,0,1,0,1,0,0,0,0,0,0,149.49245884773663,73.62704163555297,44.31168038408779,28.969341553726117,2,0.028013933449983597,0,0.06746913580246913,0.13087105624142661
6AkGhTBtR4o,Mrwhosetheboss,iPhone Duo Hands On!,15000000,5,20,0,0,0,1,0,0,0,0,0,0,0,106.48378943758573,61.14813573627169,72.95772290809327,45.83717779611791,1,0.15199705958366394,0,0.06282921810699588,0.06414951989026063
Wdkf1G2jHRg,Mrwhosetheboss,What height does your phone become DEADLY?,6000000,6,42,0,0,1,0,0,0,1,1,0,0,0,126.86858367626886,56.1063393336807,41.794982853223594,33.94369820262265,0,0.0,0,0.18496913580246913,0.017376543209876544
9YcAJt2AN4k,Mrwhosetheboss,"$10,000 Power Washer vs Fruit",9700000,7,29,0,0,0,0,1,0,0,0,0,1,0,127.35138888888889,53.32261363262492,92.41219135802469,52.12851584581239,1,0.014783110469579697,0,0.07516460905349795,0.10812757201646091
twvqtzjBZx8,Mrwhosetheboss,Can a magnet DESTROY your smartphone?,7500000,8,37,0,0,1,0,0,0,1,1,0,0,0,129.6009293552812,41.624998735284436,97.6139609053498,47.51056619187251,0,0.0,0,0.03957818930041153,0.12803497942386832
1aZaLUpg3DY,Mrwhosetheboss,World's LARGEST headphones!,2500000,9,27,0,0,0,1,0,0,1,0,0,0,0,70.67344650205762,66.98453385963978,88.10164951989026,54.611419949127615,1,0.0670463964343071,0,0.07782578875171467,0.09506858710562414
Hf-uB8XLdP0,Mrwhosetheboss,"$10,000 Power Washer!",45000000,10,21,0,0,0,1,1,0,0,0,0,0,0,151.057829218107,56.898901023433986,67.23207475994514,45.94434626198791,1,0.006650417577475309,0,0.07227023319615913,0.04951303155006859
VIDEt1OGrMQ,Mrwhosetheboss,Can your iPhone see the back of your head?,6400000,11,42,0,0,1,0,0,0,0,1,0,0,0,100.65646776406035,49.121048621763315,76.84786351165981,38.56076893174554,1,0.08289029449224472,0,0.18164951989026062,0.010445816186556928
SLxNcO-66pg,Mrwhosetheboss,$1 vs $100 LED Gadgets,10000000,12,22,0,0,0,0,1,0,1,0,0,1,0,92.68690672153635,54.06591786566278,100.16602880658436,47.85866765991063,1,0.2326682060956955,0,0.045466392318244175,0.057194787379972564
EL0Tb6-eVlM,Mrwhosetheboss,Apple Intelligence scares me,4700000,13,28,0,0,0,0,0,0,0,0,1,0,0,110.61708161865569,61.32415560013979,82.07830932784637,50.186719651288826,1,0.006143215578049421,0,0.06686899862825789,0.060253772290809325
WmSqotqaqkA,Mrwhosetheboss,World's First Touchscreen MacBook,4100000,14,33,0,0,0,0,0,0,0,0,0,0,0,115.68845336076818,78.0097358579235,135.09533264746227,56.087359496818344,1,0.06136257201433182,0,0.06271262002743484,0.020003429355281207
agt-5kKMVGs,Mrwhosetheboss,World's Tallest Keyboard,6900000,15,24,0,0,0,0,0,0,0,0,0,0,0,96.02597393689986,80.30527431343627,69.15532235939644,41.5200473494704,1,0.08420155942440033,0,0.047822359396433464,0.0903360768175583
fzCvDsoviKk,Mrwhosetheboss,These Earbuds have a World Record,7000000,16,33,0,0,0,0,0,0,0,0,0,0,0,108.90873799725651,78.50050656734108,97.49920096021948,49.42631896992121,1,0.17553558945655823,0,0.03710905349794239,0.06328875171467764
61CzvMFZRR0,Mrwhosetheboss,Why is Everyone Wearing Wired Earphones?,16000000,17,40,0,0,1,0,0,0,0,0,0,0,0,63.02230795610425,48.48033611691874,104.51253429355282,44.40619015727802,1,0.09671034663915634,0,0.03761316872427983,0.13574759945130316
-fGqD4fK2mQ,Mrwhosetheboss,Can a PS5 cook an egg?,5900000,18,22,0,0,1,0,1,0,0,0,0,0,0,147.09325445816185,65.79906414239349,90.46521947873799,52.43571099717482,1,0.046849917620420456,0,0.03383058984910837,0.01636145404663923
ct4b165n_W4,Mrwhosetheboss,What they don't tell you about iPhone,9500000,19,37,0,0,0,0,0,0,0,1,0,0,0,145.0686865569273,68.470040640301,91.21184499314128,70.65124407376602,1,0.10752355307340622,0,0.024242112482853222,0.13982167352537722
iwYxrHF2T80,Mrwhosetheboss,I compared every smartwatch,15000000,20,27,0,0,0,0,0,0,0,0,1,0,0,121.51928326474622,64.62613631570989,145.16785322359397,126.0628910412068,1,0.07566817104816437,0,0.050709876543209874,0.5110733882030178
c_qJLkQ0dcQ,Mrwhosetheboss,POV: You locked in for 3 months,1400000,21,31,0,0,0,0,1,0,1,1,0,0,1,126.75382373113855,62.0934407282252,103.53077846364883,69.82963062851412,0,0.0,1,0.19994513031550068,0.04149519890260631
Y_exkqiBT4I,Mrwhosetheboss,"$1 vs $100,000 Speaker",14000000,22,22,0,0,0,0,1,0,0,0,0,1,0,169.8991083676269,66.95895185688687,53.448532235939645,49.41816201370635,2,0.08830772340297699,0,0.047229080932784634,0.036282578875171466
-TTPig6Ji_E,Mrwhosetheboss,Dream come true 🥹,535000,23,17,1,0,0,0,0,0,0,0,0,0,0,97.51396776406035,66.8846603373349,83.04595336076818,55.334820608485934,3,0.013264602050185204,0,0.05022633744855967,0.07532578875171468
j40YMyUnZTY,Mrwhosetheboss,60 Day Body Transformation,1100000,24,26,0,0,0,0,1,0,0,0,0,0,0,140.6175514403292,68.04143997154226,52.90259259259259,38.68969877204895,1,0.005579494405537844,0,0.053882030178326476,0.01762002743484225
r0R-BQ1adLg,Mrwhosetheboss,30 Day Body Transformation,2600000,25,26,0,0,0,0,1,0,0,0,0,0,0,141.23413923182443,67.62228574442179,49.32305898491084,44.06100461303808,1,0.005796749144792557,0,0.05716735253772291,0.019396433470507544
b1EMX3wyqCY,Kurzgesagt – In a Nutshell,Your Brain on Magic Mushrooms,817000,1,29,0,0,0,0,0,0,0,1,0,0,0,169.10909465020575,45.57975589820564,132.74982510288066,132.29262994632822,0,0.0,0,0.052716049382716054,0.07431412894375858
oNTaHYXQ4MM,Kurzgesagt – In a Nutshell,Humans Can Regrow an Organ,1100000,2,26,0,0,0,0,0,0,0,0,0,0,0,169.88908436213993,59.494765180364254,150.10145061728394,146.9043559132988,0,0.0,0,0.04681069958847736,0.14335048010973936
RQprZZJIb6Y,Kurzgesagt – In a Nutshell,Your Skeleton Is Electric,441000,3,25,0,0,0,0,0,0,0,1,0,0,0,52.86770576131687,52.99401813840775,208.5627366255144,59.71201484891037,0,0.0,2,0.03704732510288066,0.002091906721536351
NIifnIP_NnQ,Kurzgesagt – In a Nutshell,How ADHD Medication Works,880000,4,25,0,0,0,0,0,0,1,0,0,0,0,149.57400548696845,59.12655137391079,175.4897119341564,159.30445124660605,0,0.0,0,0.02797668038408779,2.05761316872428e-05
hiIIGMeMEuE,Kurzgesagt – In a Nutshell,What If You Never Slept?,2600000,5,24,0,0,1,0,0,0,0,1,0,0,0,93.94349108367626,89.14536892000429,165.70985939643347,111.37020293538762,1,0.2655884921550751,0,0.043638545953360766,0.18154663923182443
tZ8i1RxGSYM,Kurzgesagt – In a Nutshell,Can Earth Run Out of Water?,3600000,6,27,0,0,1,0,0,0,0,0,0,0,0,36.08140946502058,53.81919014422469,230.546731824417,92.60526508350037,0,0.0,0,0.014718792866941015,6.858710562414266e-06
EqkRVbaBxtg,Kurzgesagt – In a Nutshell,What If Gravity Was 10% Stronger?,1300000,7,33,0,0,1,0,1,0,0,0,0,0,0,46.87295267489712,72.63315883444258,221.03173868312757,79.38703864094693,0,0.0,0,0.0321639231824417,0.02514060356652949
YqAI0oqtt7w,Kurzgesagt – In a Nutshell,Dust Is Not What You Think,2500000,8,26,0,0,0,0,0,0,0,1,0,0,0,117.14808641975308,69.3053480373009,183.97094650205761,131.34503052158936,0,0.0,0,0.027359396433470507,0.12234224965706447
OKsWuqNjomQ,Kurzgesagt – In a Nutshell,Why Ebola Keeps Coming Back,874000,9,27,0,0,0,0,0,0,0,0,0,0,0,44.73343278463649,74.45921339735158,154.1831927297668,85.99433891440387,0,0.0,2,0.041917009602194785,0.0006652949245541838
IvtsVHzMLwY,Kurzgesagt – In a Nutshell,How Stress Changes Your Brain,1700000,10,29,0,0,0,0,0,0,0,1,0,0,0,142.64951303155007,60.98404195260196,147.11408436213992,134.0243953039839,0,0.0,0,0.04468792866941015,0.29396776406035663
w5RZfxQHxyY,Kurzgesagt – In a Nutshell,How Antidepressants Work,1100000,11,24,0,0,0,0,0,0,0,0,0,0,0,174.68160150891632,46.92725645209872,136.43883744855967,135.3363222799499,0,0.0,0,0.023786008230452675,0.02294238683127572
U5-dE2nCzjM,Kurzgesagt – In a Nutshell,What the Flu Does to Your Body,658000,12,30,0,0,0,0,0,0,0,1,0,0,0,89.44707818930041,61.22757626290259,220.2529012345679,153.45736893244282,0,0.0,3,0.0325960219478738,0.043172153635116596
AWUYE6eJO3k,Kurzgesagt – In a Nutshell,Building a Secret Moon Base,675000,13,27,0,0,0,0,0,0,0,0,0,0,0,68.36017489711934,56.238123114704045,198.51320987654321,71.80180477079654,0,0.0,9,0.02218792866941015,0.0029561042524005486
2cK8l5Yg5w8,Kurzgesagt – In a Nutshell,The Deadliest Thing in Your Kitchen,4700000,14,35,0,0,0,0,0,0,0,1,0,0,0,162.74231481481482,57.314357273273956,161.22362825788753,148.3982613181658,0,0.0,0,0.04113168724279835,0.31049382716049384
uVlMWVP5GJk,Kurzgesagt – In a Nutshell,The True Cost of War,978000,15,20,0,0,0,0,0,0,0,0,0,0,0,77.53941700960219,78.98276081072544,213.1801303155007,123.1296476062643,0,0.0,0,0.04180384087791495,0.0006824417009602194
N2FOxjtv5ns,Kurzgesagt – In a Nutshell,What is El Niño?,2000000,16,16,0,0,1,0,0,0,0,0,0,0,0,149.42526063100138,55.14091074845775,228.92241426611798,122.86636184830613,0,0.0,2,0.06007544581618656,0.22838820301783264
Gn-KqiRv0XI,Kurzgesagt – In a Nutshell,The World’s Most Average Person,3100000,17,31,0,0,0,0,0,0,0,0,0,0,0,175.14235939643348,31.406827627026303,154.719561042524,149.5083956798979,1,0.0025078074540942907,0,0.06022290809327846,0.09436556927297668
bo7QgxhrGnw,Kurzgesagt – In a Nutshell,Processed Food Won’t Kill You,2900000,18,29,0,0,0,0,0,0,0,1,0,0,0,100.25888203017833,71.73497068029812,200.45847736625515,151.32725083066612,0,0.0,2,0.024008916323731137,0.008597393689986283
XUStGNx45wQ,Kurzgesagt – In a Nutshell,The Power of 1%,1800000,19,15,0,0,0,0,1,0,0,0,0,0,0,146.6166769547325,46.48179689652349,200.27979080932784,174.79846029597425,0,0.0,2,0.02746570644718793,0.12842249657064472
2acc7oyXIZI,Kurzgesagt – In a Nutshell,Let’s Steal a New Moon,1200000,20,22,0,0,0,0,0,0,0,0,0,0,0,54.27647119341564,70.96558977414314,216.91723593964335,89.13129737134922,0,0.0,0,0.05233196159122085,0.034694787379972565
xfyKqOmr7Wk,Kurzgesagt – In a Nutshell,Your Brain Peaked at Birth,1600000,21,26,0,0,0,0,0,0,0,1,0,0,0,72.08110082304526,62.38552548145696,205.2552400548697,117.1474334354736,0,0.0,1,0.051371742112482854,0.24376886145404664
EIJhxr2wl64,Kurzgesagt – In a Nutshell,The Deadliest Year of Your Life,1600000,22,31,0,0,0,0,0,0,0,1,0,0,0,98.55823045267489,44.88167476741133,173.2371399176955,109.05961120813765,0,0.0,0,0.034921124828532234,0.3625548696844993
DfB2qYJqAkA,Kurzgesagt – In a Nutshell,Where Did the Antimatter Go?,1200000,23,28,0,0,1,0,0,0,0,0,0,0,0,33.244070644718796,60.448280965076826,225.23328189300412,76.20667178047216,0,0.0,0,0.06050754458161865,0.011039094650205762
6Dj5ufzrZ78,Kurzgesagt – In a Nutshell,Could Humans Evolve Flight?,3000000,24,27,0,0,1,0,0,0,0,0,0,0,0,78.5703840877915,56.69299804099089,191.71392661179698,110.60446146421097,0,0.0,0,0.03612825788751715,0.12602537722908094
dl4Dw-RlPv4,Kurzgesagt – In a Nutshell,Why Malaria is Winning (For Now),1100000,25,32,0,0,0,0,0,0,0,0,0,0,0,159.87102537722907,72.72452543281882,152.23325445816187,125.6186633678724,0,0.0,0,0.046930727023319616,0.0071536351165980795
kqpxdxo7eV4,Bayashi TV,Viral Frozen Potato Recipe 😳,1400000,1,28,1,0,0,0,0,0,0,0,0,0,0,92.70444444444445,78.13976793403367,110.3134293552812,52.52260722746297,1,0.10960328578948975,0,0.04007544581618656,0.14094993141289439
RJVvE9fcy4A,Bayashi TV,Chopped Hot Honey Chicken Sub,1600000,2,29,0,0,0,0,0,0,0,0,0,0,0,121.38382716049382,67.42264089490342,135.86229080932785,74.78549554531152,0,0.0,0,0.09260631001371743,0.022472565157750344
2eR9vNBGdSw,Bayashi TV,Ice cube life hacks 🧊,5300000,3,21,1,0,0,0,0,0,0,0,0,0,0,118.83743827160494,50.5342455795154,117.11012345679012,93.84375426256099,0,0.0,0,0.05227366255144033,0.08444101508916324
7UKI7vW3Ra8,Bayashi TV,Salmon Sushi 🍣,4300000,4,14,1,0,0,0,0,0,0,0,0,0,0,96.59373456790124,55.596121977962916,137.71436213991768,75.93033900772622,0,0.0,0,0.07878257887517147,0.050349794238683125
KBoYMTYBKnk,Bayashi TV,○ □ △ Burger 🍔,4900000,5,14,1,0,0,0,0,0,0,0,0,0,0,74.45733196159122,68.53294760794664,150.57001371742112,96.27852143944264,0,0.0,0,0.03135459533607682,0.08597393689986282
7xGNp5JYxpw,Bayashi TV,Seaweed Pasta,4100000,6,13,0,0,0,0,0,0,0,0,0,0,0,112.78361454046639,68.1305940180774,149.38429698216734,81.3191099718275,0,0.0,0,0.0713957475994513,0.09636831275720165
Fi9_Kwhe3cI,Bayashi TV,Which one is better?🍜,1800000,7,21,1,0,1,0,0,0,0,0,0,0,0,98.37827160493828,87.3385988409063,95.12604595336077,59.752281817666876,1,0.06581675261259079,0,0.09236282578875171,0.08622770919067216
bYqHtbhcOrI,Bayashi TV,Crab Burger 🦀,16000000,8,13,1,0,0,0,0,0,0,0,0,0,0,91.53896776406036,67.5460526030508,155.4920438957476,90.46259959819446,0,0.0,0,0.05422496570644719,0.19984567901234568
_GlCVUdcI-8,Bayashi TV,Healthy Me vs Midnight Me,4600000,9,25,0,0,0,0,0,0,0,0,0,1,0,115.39841563786008,57.11736421752876,67.26560013717422,47.26194703959731,1,0.11236658692359924,0,0.054063786008230454,0.06370713305898491
gd_uAwac6qk,Bayashi TV,1 Second vs 1 Hour Cheese,17000000,10,25,0,0,0,0,1,0,0,0,0,1,0,81.25752743484225,78.6455010494118,97.60165980795611,60.939174626803,1,0.11616958677768707,0,0.07324074074074073,0.07534636488340192
0gMJze6plhM,Bayashi TV,"1 Smash vs 100,000 Smashes",21000000,11,26,0,0,0,0,1,0,0,0,0,1,0,84.4348731138546,69.93110707361086,138.46472222222224,93.33387894310621,0,0.0,0,0.08294238683127572,0.2730246913580247
TT1DUo6bKio,Bayashi TV,DUMPLING LASAGNA 🥟 VS LASAGNA 🇮🇹,7200000,12,32,3,0,0,0,0,0,3,0,0,1,0,105.76705075445817,72.32368187263911,142.81949245541838,73.90532452207417,0,0.0,0,0.10244513031550069,0.25295267489711937
iCG6XcSZEm4,Bayashi TV,Buldak Burrito 🌯🔥,4000000,13,17,2,0,0,0,0,0,0,0,0,0,0,110.72731824417009,58.52643787197711,156.40836419753086,95.44936967406102,0,0.0,0,0.09473251028806584,0.10282921810699588
RStZdAnTGPw,Bayashi TV,Watermelon Kimchi 🍉🌶️,16000000,14,21,2,0,0,0,0,0,0,0,0,0,0,112.3580109739369,67.19666719350619,138.08488340192045,99.6429434287935,1,0.1159902811050415,0,0.03857338820301783,0.3732338820301783
7ZTe4rVgOlw,Bayashi TV,Chips in the Future,32000000,15,19,0,0,0,0,0,0,0,0,0,0,0,87.37043552812071,70.29337783536788,101.63760288065843,62.97164166661926,1,0.19690929353237152,0,0.047764060356652954,0.2037997256515775
RzG7433bdFQ,Bayashi TV,3 Levels of Watermelon 🍉,36000000,16,24,1,0,0,0,1,0,0,0,0,0,0,120.03968792866941,79.60480926036195,119.98795267489712,84.64932950510615,0,0.0,0,0.052448559670781894,0.0783641975308642
Zd2DkjyNHNE,Bayashi TV,Can We Hit 38M on My 38th Birthday?! 🎂,3100000,17,38,1,0,1,1,1,0,0,0,0,0,0,75.59984224965706,70.51534348382472,125.00595336076817,73.26859027011824,1,0.057971615344285965,0,0.06682441700960219,0.13149862825788752
WwmBcSln_6w,Bayashi TV,Pizza Crust Pizza 🍕,11000000,18,19,1,0,0,0,0,0,0,0,0,0,0,86.17277091906722,76.39693034668397,127.10705761316872,76.86960677880865,1,0.1204044371843338,0,0.04878943758573388,0.13655692729766805
HSRC5Z84sTo,Bayashi TV,Smiley Fries 😁🍟,36000000,19,15,2,0,0,0,0,0,0,0,0,0,0,134.88911865569273,31.786729177906025,165.77544581618656,110.3178412967481,0,0.0,0,0.011268861454046639,0.1834122085048011
bGV-RZ8Tb88,Bayashi TV,I Tried Viral Food Combinations,4100000,20,31,0,0,0,0,0,0,0,0,1,0,0,42.41719821673525,57.73593566680528,88.74807613168724,38.070496966923756,1,0.18595963716506958,0,0.022849794238683125,0.09030864197530865
4V2eZlmxm9A,Bayashi TV,When you’re out of milk 💀,11000000,21,25,1,0,0,0,0,0,0,1,0,0,0,48.012746913580244,65.51048030846637,94.97710219478738,49.91466246773594,1,0.28256523609161377,0,0.024050068587105625,0.18407750342935528
hrdGuVp0hSY,Bayashi TV,Can I join too? #thecouncil,4000000,22,27,0,1,1,0,0,0,0,0,1,0,0,81.29989711934157,74.64313621911866,150.6056893004115,111.68726787285414,1,0.08094604313373566,0,0.04417009602194787,0.3614917695473251
xq6vmVwUvu4,Bayashi TV,"1 Smash vs 100,000 Smashes 🥔",29000000,23,28,1,0,0,0,1,0,0,0,0,1,0,106.31666666666666,87.35235964723358,99.31642661179698,71.09042843371842,1,0.04392394423484802,0,0.054914266117969825,0.037925240054869684
5p3wWrByC7c,Bayashi TV,Let’s make Japanese Umeboshi @SAMURAI GOCKEY,3900000,24,44,0,0,0,0,0,0,2,0,0,0,0,114.33938614540466,56.510515781240805,130.53296296296296,89.50694863941155,1,0.041111186146736145,0,0.16838477366255145,0.01573045267489712
B7idC8GVbvo,Bayashi TV,1 Cut vs 100 Cuts Cucumber 🥒,22000000,25,28,1,0,0,0,1,0,0,0,0,1,0,128.86458504801098,70.42723749691217,118.47049039780521,71.33046850035934,1,0.12407921999692917,0,0.08210219478737998,0.13531550068587106
ZmCbmzwQF98,IShowSpeed,iShowSpeed Gets A Job at KFC!,7700000,1,29,0,0,0,1,0,0,1,0,0,0,0,128.2095061728395,78.26744477114619,86.05935871056242,66.76635118084027,2,0.08329425007104874,0,0.1162928669410151,0.09984910836762688
DASCXkOPiOs,IShowSpeed,IS SPEED SMARTER THAN THE UNIVERSITY OF TEXAS?,4700000,2,46,0,0,1,0,0,0,6,0,0,0,0,158.79650891632375,80.21668590994489,96.50053840877915,112.79178003851811,2,0.10581275075674057,2,0.10659807956104252,0.20915637860082303
0J6NW3kgdd0,IShowSpeed,APPLE SENT ME THE NEW IPHONE 18,5900000,3,31,0,0,0,0,1,0,5,0,0,0,0,125.46471879286695,73.09764827420895,131.29120713305898,107.39630491598257,1,0.17319954931735992,0,0.11395061728395062,0.30622427983539097
MTQlJvGOyg8,IShowSpeed,iShowSpeed Timer Challenge!⏱️⏱️,6400000,4,31,0,0,0,1,0,0,0,0,0,0,0,108.35801440329219,80.29827850008124,120.65102880658436,93.74309489489605,1,0.08671976625919342,0,0.10245198902606309,0.24924554183813444
_jnNDvGGqxM,IShowSpeed,iShowSpeed🤝DICK’S Tailgate 🏈,642000,5,28,2,0,0,0,0,0,1,0,0,0,0,106.70427983539095,58.48110370537934,91.16485253772291,53.69039739184453,1,0.028219999745488167,0,0.03375857338820302,0.3115672153635117
3Y93InnRp8U,IShowSpeed,"Eat The Hot Wing, Win $$$$",2100000,6,26,0,0,0,0,0,0,0,0,0,0,0,152.3585768175583,76.83856640743184,77.51904320987654,84.75100758689676,2,0.0415162555873394,0,0.12685185185185185,0.20176611796982166
isA3DdLz1vY,IShowSpeed,ROCK PAPER SCISSORS KFC CHALLENGE!!,9300000,7,35,0,0,0,1,0,0,5,0,0,0,0,158.52237654320987,71.40215988462937,123.9060048010974,124.31212020513881,2,0.08346474915742874,0,0.12646776406035665,0.24628943758573388
dm-ISSgW_-k,IShowSpeed,APPLE GAVE ME AN iPHONE DUO,8500000,8,27,0,0,0,0,0,0,3,0,0,0,0,108.6962791495199,83.60720662641883,78.75266803840879,48.97217466153812,3,0.04530826956033707,0,0.11206104252400548,0.13314814814814815
dn8Ycn8WZP8,IShowSpeed,iShowSpeed Reflex Challenge!,6100000,9,28,0,0,0,1,0,0,0,0,0,0,0,143.9622770919067,71.19673531976085,155.72258573388203,180.7034422718902,1,0.10173694789409637,0,0.07159465020576132,0.33915637860082304
aCcwproYzX8,IShowSpeed,CATCH THE BALLOON! 🎈🎈,8800000,10,21,2,0,0,1,0,0,3,0,0,0,0,144.1793244170096,74.61955211683447,155.49314128943757,197.19958852302406,1,0.08959794044494629,0,0.06463991769547325,0.4272668038408779
iM4NAh1MYCw,IShowSpeed,JAMAL GUESS THE PIZZA CHALLENGE!,6100000,11,32,0,0,0,1,0,0,5,0,0,0,0,122.91549725651578,77.13787001394137,122.67564128943759,114.04041421403869,2,0.144180029630661,0,0.12345336076817558,0.21834019204389574
DhvnVNoi6QQ,IShowSpeed,"$1,000,000 MISSION",5200000,12,18,0,0,0,0,1,0,1,0,0,0,0,98.15476680384087,52.105902612054905,56.664643347050756,26.89737933247154,1,0.14269356429576874,0,0.06674897119341563,0.05466735253772291
QYuWuAZFAsM,IShowSpeed,"Lift This Cube, WIn $10,000",6000000,13,27,0,0,0,0,1,0,0,0,0,0,0,130.36270919067215,70.52681045874208,89.77311385459534,67.85962193155508,2,0.039752162992954254,0,0.12539094650205762,0.15014746227709191
NlV2M2l-1CY,IShowSpeed,I SHOT A COMMERCIAL W/KFC!! #kfc_partner 🤝 #ishowspeed #ad,5800000,14,58,1,3,0,1,0,0,3,0,1,0,0,107.09016803840878,59.896096654257924,97.64033264746227,52.53285660872865,2,0.02003699168562889,0,0.1164437585733882,0.19029492455418381
YZWmX1rrfvA,IShowSpeed,GUESS THE DRINK CHALLENGE,16000000,15,25,0,0,0,0,0,0,4,0,0,0,0,164.55907750342936,60.685283464693086,101.9199279835391,116.81120829599578,1,0.06692982465028763,0,0.13318244170096022,0.14791495198902607
t1QWxcxaSAU,IShowSpeed,iShowSpeed Top Bins Challenge 😱 🎯,3900000,16,33,2,0,0,0,0,0,0,0,0,0,0,115.81917009602195,72.95315592201644,160.74027091906723,99.48675303768565,1,0.12585365772247314,1,0.20867626886145405,0.05760973936899863
0HD0kZ0I2sM,IShowSpeed,We Tried The Death Nut Challenge🔥🔥,8300000,17,34,2,0,0,0,0,0,0,0,0,0,0,95.28194101508916,86.79266874222984,138.84518861454046,74.82242523245863,1,0.11316034942865372,0,0.10420781893004116,0.3870644718792867
-KUPXrRQ93w,IShowSpeed,LIFTING THE HEAVIEST BLOCK IN THE WORLD,32000000,18,39,0,0,0,0,0,0,6,0,0,0,0,119.20358710562414,66.10994800947736,151.7657098765432,157.90420127841185,1,0.06154167652130127,0,0.0828429355281207,0.1898559670781893
T0HbDa-EguY,IShowSpeed,iShowSpeed vs Kai Cenat Archery Challenge!,3700000,19,42,0,0,0,1,0,0,0,0,0,1,0,113.34776406035665,64.37184341594839,149.2016255144033,131.58144457810437,2,0.08486082404851913,0,0.11542866941015088,0.38758230452674897
Pl70mowZDNc,IShowSpeed,"$1 Boot vs $1,000,000 Boot",14000000,20,26,0,0,0,0,1,0,0,0,0,1,0,107.72990397805212,83.58892165336997,122.16878943758573,87.1325105222268,1,0.12878085672855377,0,0.1163031550068587,0.08384087791495198
-cEl_Z_3CA8,IShowSpeed,JAMAL GUESS THE BURGER CHALLENGE!,18000000,21,33,0,0,0,1,0,0,5,0,0,0,0,127.34803155006858,75.82580032385721,139.06686556927298,123.12221664998862,1,0.12208322435617447,0,0.1238477366255144,0.1273593964334705
9RR9G3_l7FQ,IShowSpeed,"Score The Penalty, Or Eat The Hot Wing..",6700000,22,40,0,0,0,0,0,0,0,0,0,0,0,120.52390946502058,74.95123419863428,118.43884430727023,108.13192586099295,1,0.3446968197822571,0,0.14037037037037037,0.26218792866941015
sHeswZZwqJ0,IShowSpeed,EXTREME WHATS IN THE BOX CHALLENGE!,4400000,23,35,0,0,0,1,0,0,5,0,0,0,0,147.3002709190672,71.03361116315706,114.10648834019204,91.16634141924663,1,0.04799382761120796,0,0.08244513031550069,0.10617283950617284
bvrlmgeXY5I,IShowSpeed,hitting 60 million subscribers live!,8600000,24,36,0,0,0,1,1,0,0,0,0,0,0,142.3451783264746,62.17390188428659,139.7325754458162,146.17614698747704,1,0.08226336538791656,0,0.08172153635116597,0.16016460905349794
xexmWUPGK_4,IShowSpeed,"Score, or BUTTS UP!",6300000,25,19,0,0,0,1,0,0,1,0,0,0,0,154.1350377229081,76.01002184706957,117.08605624142662,110.71267298264662,1,0.039560865610837936,0,0.14210562414266117,0.04931412894375857
CeGoImlgIL0,Alan's Universe,Learning How to Front Flip with Interactive Visualizations and @Google Gemini#GooglePartner 🤸‍♂️✨,1100000,1,97,3,1,0,0,0,0,0,0,0,0,0,146.7604098248495,70.4763504419489,102.56127531472359,82.24949126731441,2,0.03949613496661186,0,0.04307266009852217,0.03525930487137384
CK9PNoACg6U,Alan's Universe,Spiderman Trend BTS,452000,2,19,0,0,0,0,0,0,1,0,0,0,0,144.0800548696845,55.80576031890124,52.359681069958846,39.447697656843985,0,0.0,0,0.08145061728395063,0.03696159122085048
rjAPE50Tjvo,Alan's Universe,Spider-Man Ceiling Trend!,2300000,3,25,0,0,0,1,0,0,0,0,0,0,0,160.66693072702333,58.271814248214945,67.69245198902607,64.45490693352127,0,0.0,0,0.08138545953360768,0.11954046639231825
PELQbf1mJbk,Alan's Universe,Who Did it Best?,4300000,4,16,0,0,1,0,0,0,0,0,0,0,0,87.7163340192044,60.84031813446776,61.91558641975308,35.412096231018765,3,0.0062747010961174965,0,0.054564471879286695,0.06579218106995885
kiTk8Cl3_WU,Alan's Universe,Try this Without Getting Dizzy 😵‍💫,861000,5,34,2,0,0,0,0,0,0,0,0,0,0,46.72424897119342,42.163507914329394,142.7832304526749,92.7550295695073,1,0.016167525202035904,0,0.019142661179698216,0.630895061728395
TBmniUL1KDQ,Alan's Universe,If our ENHYPEN Collab Was a Reality Show 🫢,1000000,6,42,1,0,0,0,0,0,1,0,0,0,0,103.83149176954733,67.88535908998342,122.53915637860082,58.03010143074438,0,0.0,0,0.04735939643347051,0.00015775034293552813
5L-WmoIk4w8,Alan's Universe,Dance Rehearsal vs. Final Shot,1300000,7,30,0,0,0,0,0,0,0,0,0,1,0,58.30246913580247,57.14846247669917,169.15992112482854,77.61834676965653,3,0.009390460327267647,0,0.05660836762688615,0.6730555555555555
MOgivrM4aCI,Alan's Universe,Your Favorite AU Duo 🖤 ❤️‍🔥,2000000,8,27,3,0,0,0,0,0,0,1,0,0,0,56.165754458161864,46.812455564380976,170.61031207133058,104.20797325274313,2,0.054716337472200394,0,0.05145747599451303,0.6369513031550068
JUeov7o2X3A,Alan's Universe,Who Has the Best Vampire Impression? 🧛,4500000,9,38,1,0,1,0,0,0,0,0,0,0,0,47.472623456790124,42.465948573507575,71.10570987654322,28.550492034388622,1,0.03554268926382065,0,0.06722565157750342,0.04252057613168724
vERxdwip4gI,Alan's Universe,AU Boys Dance Trend 🖤,2700000,10,21,1,0,0,0,0,0,0,0,0,0,0,110.26993484224965,74.78983543429753,69.39139917695474,57.8355437119417,3,0.012777025811374187,0,0.07496913580246914,0.07602537722908093
AcLEF_W0iKQ,Alan's Universe,This Dance is Hypnotic...,7100000,11,25,0,0,0,0,0,0,0,0,0,0,0,36.26313100137174,31.98979578501442,97.51555898491084,46.03963771572628,2,0.005055815912783146,0,0.03796296296296296,0.4158744855967078
hV3LfN6QZKc,Alan's Universe,Alan is Missing…,3200000,12,16,0,0,0,0,0,0,0,0,0,0,0,122.04165637860082,65.47782902604689,86.87190672153635,78.82525546425923,1,0.009875388815999031,0,0.047057613168724276,0.1572668038408779
LDsH4gu-ID0,Alan's Universe,Vampire Saves His Crush 🖤,2800000,13,25,1,0,0,0,0,0,0,0,0,0,0,149.03220507544583,68.5153300700118,82.89322702331961,53.83882067992837,2,0.01800386980175972,0,0.05958504801097393,0.3333573388203018
LpxvnmkCpSo,Alan's Universe,Vampire Prom Date 🖤,3600000,14,19,1,0,0,0,0,0,0,0,0,0,0,85.68305898491084,55.82639230583872,77.68175582990398,52.820040885006065,1,0.23304449021816254,0,0.01668724279835391,0.20226680384087792
tlhXnbsS8kw,Alan's Universe,ENHYPEN Turned Me into a Vampire @ENHYPEN,4200000,15,41,0,0,0,0,0,0,2,0,0,0,0,76.0460219478738,67.01303592204454,109.98537722908094,64.7275943318902,1,0.09170982241630554,0,0.03417009602194787,0.31579903978052126
x1s_GzIROf0,Alan's Universe,NEW ENHYPEN COLLAB EPISODE INCOMING ‼️,3400000,16,38,0,0,0,0,0,0,5,0,0,0,0,21.21664609053498,23.24599701515634,91.19868998628257,30.642825583648268,1,0.02270328253507614,0,0.01010631001371742,0.40334362139917695
vMDs2Cg_HMU,Alan's Universe,We Adopted a Kid?! 😅,8200000,17,20,1,0,1,1,0,0,0,0,0,0,0,130.8365294924554,73.40535286226401,88.95557270233196,66.47752785039718,3,0.013006322085857391,0,0.08942043895747599,0.1096639231824417
YvAMSSUCJxI,Alan's Universe,We Helped Him Reach His Dream!,6100000,18,30,0,0,0,1,0,0,0,0,0,0,0,86.98367283950617,56.25148037272813,143.7397633744856,104.70101355789605,1,0.039245784282684326,0,0.06069615912208504,0.3135802469135803
TN8191lSNaI,Alan's Universe,We Adopted a Son!,23000000,19,17,0,0,0,1,0,0,0,0,0,0,0,150.28980795610426,67.29624500368124,63.33709190672154,43.12161679241612,2,0.018547365441918373,0,0.060860768175582995,0.05959190672153635
oNumgVxJifI,Alan's Universe,Help Me Find My Match! 🙏,2100000,20,24,1,0,0,1,0,0,0,0,0,0,0,163.96185528120714,46.31518446978421,58.02858367626886,59.56048533360871,2,0.013361950404942036,0,0.060637860082304526,0.09673868312757201
_jB7aImcSGw,Alan's Universe,Help Save My Friends! 🫶,2300000,21,23,1,0,0,1,0,0,0,0,0,0,0,159.30498971193416,46.26305846644063,60.34697530864197,49.05834606159334,1,0.027098465710878372,0,0.04074759945130315,0.045871056241426615
IPrR9hIc9bo,Alan's Universe,Help Me Find My Soulmate!,2200000,22,25,0,0,0,1,0,0,0,0,0,0,0,97.50581618655693,56.61252121893678,85.7079732510288,45.08324851050734,2,0.08069173991680145,0,0.09618998628257887,0.26045610425240057
wZOXbILZ8lQ,Alan's Universe,POV: Your Chemistry Project Is Due Tomorrow... 😅🧪 @Google Gemini #GooglePartner,1000000,23,79,2,1,0,0,0,0,1,1,0,0,1,168.18526748971195,61.92709714217654,46.345075445816185,41.184916212986025,1,0.0334865003824234,0,0.08909465020576132,0.013453360768175583
aQ5fUkNFx_8,Alan's Universe,Help Me Stop these Bullies! 🙏,2000000,24,29,1,0,0,1,0,0,0,0,0,0,0,142.2195027434842,72.20693967670728,74.72084362139918,51.52450868078813,3,0.02839256078004837,0,0.056268861454046644,0.06351508916323731
dCjr-y0sjYk,Alan's Universe,This Dance is Contagious...,2100000,25,27,0,0,0,0,0,0,0,0,0,0,0,144.0548731138546,56.52787393370974,111.66474622770919,94.83723894323079,4,0.0042768423445522785,0,0.07824074074074074,0.04409807956104252
w54YAycuPzI,Binging with Babish,Babish Meals: Behind the Scenes,54000,1,31,0,0,0,0,0,0,0,0,0,0,0,107.4932304526749,73.47753411769376,88.84525034293553,67.65162366352183,0,0.0,1,0.03166666666666666,0.04978052126200274
yjvqi-0slTA,Binging with Babish,Babish Meals: Behind The Scenes,62000,2,31,0,0,0,0,0,0,0,0,0,0,0,83.80225308641975,49.340398098296305,88.25617283950618,48.334169980046916,1,0.35339292883872986,0,0.06337105624142661,0.2585562414266118
84xHDfPe5kE,Binging with Babish,"How to make the iconic ""looney cake"" from Succession",99000,3,52,0,0,0,0,0,0,0,0,0,0,0,97.95109739368999,58.848454749192385,104.4959465020576,52.80439324377942,0,0.0,10,0.019979423868312758,0.00880315500685871
F5C6UcmyPxc,Binging with Babish,"I made the ""mushroomiest"" pasta possible",95000,4,40,0,0,0,0,0,0,0,0,1,0,0,70.61002743484225,56.71495702858026,99.34756515775034,21.51501892662374,0,0.0,0,0.0712071330589849,0.0036282578875171468
zVorYnJjmrQ,Binging with Babish,Popcorn: reimagined,72000,5,19,0,0,0,0,0,0,0,0,0,0,0,114.59453703703704,58.23055766531328,91.81603909465021,50.610112786596545,0,0.0,0,0.08040123456790123,0.020781893004115225
QAQA08ll34Q,Binging with Babish,The ultimate summer fruit salad!,116000,6,32,0,0,0,1,0,0,0,0,0,0,0,112.40379286694102,54.19590148091309,87.77066872427983,49.25590494884968,0,0.0,1,0.028638545953360767,0.020462962962962964
tG47av4O3nI,Binging with Babish,How to make potato pierogis at home!,78000,7,36,0,0,0,1,0,0,0,0,0,0,0,87.03112139917695,57.67522744364881,87.8179561042524,31.168494632974877,0,0.0,5,0.018065843621399177,0.0148079561042524
y28G9MWc-IQ,Binging with Babish,Real authentic British fish and chips 🇬🇧,83000,8,40,2,0,0,0,0,0,0,0,0,0,0,112.01530521262002,67.99757930344062,66.3877914951989,39.43300467679042,0,0.0,0,0.0216838134430727,0.002146776406035665
CX_8AuAY_Vo,Binging with Babish,The ultimate taco night recipe!,104000,9,31,0,0,0,1,0,0,0,0,0,0,0,84.61075788751715,73.4645865446378,105.36584362139918,33.04599553458161,0,0.0,4,0.058223593964334706,0.01728737997256516
F6Fr5KyVBBk,Binging with Babish,Regular Show's eggscellent challenge in real life!,97000,10,50,0,0,0,1,0,0,0,0,0,0,0,102.71322702331962,66.44863942183416,87.47007887517147,55.942569113737875,0,0.0,6,0.02879286694101509,0.03406035665294924
7B132m9g5FY,Binging with Babish,Crème brûlée to impress!,71000,11,27,0,0,0,1,0,0,0,0,1,0,0,90.24604595336076,61.493207938507595,93.1012791495199,40.35844945832357,0,0.0,0,0.052726337448559674,0.17887517146776405
dGSl12zPPc0,Binging with Babish,The ultimate guide to freezer meal prep!,158000,12,40,0,0,0,1,0,0,0,0,0,0,0,146.31509945130315,39.47689148485455,90.59173868312757,64.57904155784757,0,0.0,0,0.014269547325102879,0.014101508916323731
pja_69-3ty8,Binging with Babish,How to make the chicken fingers from Community,112000,13,46,0,0,0,0,0,0,0,0,0,0,0,81.26899176954733,61.06565696843206,137.3538545953361,43.611883355619845,0,0.0,0,0.030987654320987653,6.858710562414266e-06
IYFrak_g_V4,Binging with Babish,Deadpool-style chimichangas!,109000,14,28,0,0,0,1,0,0,0,0,0,0,0,90.55471879286694,60.38195699158436,104.27077160493828,52.81390066466025,0,0.0,0,0.02983196159122085,0.01046639231824417
BvLlEz7uDFc,Binging with Babish,How to make the best nachos!,114000,15,28,0,0,0,1,0,0,0,0,0,0,0,98.79844993141289,60.6042530576936,91.86658093278464,68.69824070769786,0,0.0,0,0.03809670781893004,0.02637517146776406
icWyJlVlg9c,Binging with Babish,You need to try this loaded baked potato lasagna!,209000,16,49,0,0,0,1,0,0,0,1,0,0,0,98.77477023319616,61.9510433451459,88.40592249657064,46.46875750671269,0,0.0,3,0.04931412894375857,0.037986968449931414
Lukhst9zpeU,Binging with Babish,How to make the iconic food from Adventure Time!,115000,17,48,0,0,0,1,0,0,0,0,0,0,0,108.6664403292181,62.113860061549495,82.86121399176955,48.32155826534277,0,0.0,6,0.02978395061728395,0.014660493827160493
d6PqmolFNiA,Binging with Babish,How to make REAL Southern cornbread!,85000,18,36,0,0,0,1,0,0,1,0,0,0,0,104.22190672153636,68.06592863400056,84.21413923182442,51.23452670496077,0,0.0,6,0.047980109739369,0.004914266117969822
icuYiAnqj1k,Binging with Babish,How to make the cannolis from The Godfather!,84000,19,44,0,0,0,1,0,0,0,0,0,0,0,89.03049725651577,73.01353712984256,121.16309670781892,40.558694736698165,0,0.0,6,0.04615569272976681,0.046824417009602194
69fAlYnh_o0,Binging with Babish,Bechamel lasagna tastes better!,122000,20,31,0,0,0,1,0,0,0,0,0,0,0,94.30955075445816,70.05161288973918,80.7272976680384,49.37431514803739,0,0.0,6,0.028912894375857336,0.0007818930041152264
RSoFWLQnx-8,Binging with Babish,The best Cali-style burritos you'll ever have,144000,21,45,0,0,0,0,0,0,0,1,0,0,0,95.43384773662551,75.73646075752141,102.59318587105624,43.831994380133125,0,0.0,0,0.04763717421124829,0.0051337448559670784
gB85k7KeP0c,Binging with Babish,The only deviled eggs recipe you need!,77000,22,38,0,0,0,1,0,0,0,1,0,0,0,106.132280521262,74.66537574536827,112.70905692729767,53.164073481476755,0,0.0,0,0.04864883401920439,0.11480109739368999
yEWgF4IBoIQ,Binging with Babish,How to make the Cuban sandwiches from Chef!,112000,23,43,0,0,0,1,0,0,0,0,0,0,0,94.6529561042524,70.44781488635981,36.427544581618655,13.031559986525476,0,0.0,0,0.021282578875171466,0.00011316872427983539
azZ9RQjlRu4,Binging with Babish,The ultimate sliders for barbecue season!,88000,24,41,0,0,0,1,0,0,0,0,0,0,0,114.02425582990398,55.86361685444965,93.93807613168724,47.61240135892781,0,0.0,0,0.05467421124828532,0.015459533607681757
FLjm2DjTyNM,Binging with Babish,4 meals in 1 🤯,104000,25,14,1,0,0,0,1,0,0,0,0,0,0,89.06992455418381,71.04807541391774,76.45859739368998,25.199203673684703,0,0.0,7,0.02499657064471879,0.0011556927297668039
BCFGK4cReCM,TheDadLab,This Is What Happens When Electricity Meets A Magnet,29000,1,52,0,0,0,0,0,0,0,0,0,0,0,184.66849451303156,49.26260422223767,41.0023182441701,45.12816967215087,0,0.0,0,0.019979423868312758,0.10716049382716049
AwrOVUSV214,TheDadLab,A Simple Folding Trick That Changes Everything,20000,2,46,0,0,0,0,0,0,0,0,0,0,0,183.77714677640603,57.20563136285776,87.30070301783265,90.47079498360488,1,0.08282377570867538,0,0.02781207133058985,0.03241083676268861
wQXw-TlPAfI,TheDadLab,You have to try this experiment this Christmas!,13000,3,47,0,0,0,1,0,0,0,1,0,0,0,110.57610768175583,54.39699673934223,102.36919410150891,58.82804533935684,0,0.0,0,0.03161522633744856,0.2840192043895748
7ooRKXwLJq4,TheDadLab,"Bringing #TheDadLab science magic to @The Ritz-Carlton Maldives, Fari Islands was an absolute dream #steamworkshop",23000,4,114,0,2,0,0,0,0,0,0,0,0,0,168.88361796982167,51.33334927793035,122.10064471879286,96.647659123469,1,0.014309382066130638,0,0.05654663923182442,0.01200960219478738
u4S0aAWWVgw,TheDadLab,What a cool Fathers Day Card #handmade,37000,5,38,0,1,0,0,0,0,0,0,0,0,0,160.11198559670783,48.493655705931715,129.9869890260631,127.57907422457944,0,0.0,0,0.011831275720164609,0.029303840877914954
6bQL72OW8xc,TheDadLab,Christmas Paper Crafts - Wreath,35000,6,31,0,0,0,0,0,0,0,0,0,0,0,166.44961591220851,61.18103793217949,87.10332304526749,58.11540873107319,0,0.0,0,0.034838820301783265,0.0010528120713305898
G-uegKFdWd0,TheDadLab,Halloween Science Experiment That Will Blow Your Mind,66000,7,53,0,0,0,0,0,0,0,1,0,0,0,168.20305898491083,43.25193773941958,116.02442043895748,82.96847173666967,0,0.0,0,0.030301783264746227,0.010809327846364883
slzbeSpfls0,TheDadLab,Get ready for something epic,43000,8,28,0,0,0,0,0,0,0,0,0,0,0,163.86519890260632,45.65547883585667,63.633443072702335,73.71039831976117,1,0.04308417811989784,0,0.04024348422496571,0.012410836762688615
F0bPLWDmTDI,TheDadLab,Are you getting ready for Halloween?,50000,9,36,0,0,1,0,0,0,0,1,0,0,0,166.25017489711934,40.069374360341826,76.11782235939643,73.77760781435438,1,0.09240464121103287,0,0.03973593964334705,0.03734567901234568
CAZOHG4BFQc,TheDadLab,Spooky Handprint Trick for Halloween,43000,10,36,0,0,0,0,0,0,0,0,0,0,0,151.13268861454046,72.87951554483479,179.53860082304527,120.44659854125952,0,0.0,0,0.02532578875171468,0.16201303155006858
8OTfpY01TQQ,TheDadLab,How Being Curious Pays Off,37000,11,26,0,0,0,0,0,0,0,0,0,0,0,176.03655692729768,48.78833803622844,85.12412551440329,82.10547062842585,1,0.04463944956660271,0,0.06505829903978053,0.04411865569272977
-0TNNK1bPdw,TheDadLab,Keep Makeup Mirrors Out of Sun!,97000,12,31,0,0,0,1,0,0,0,0,0,0,0,114.21951303155006,47.52385513792278,126.68572702331961,80.88831815113542,0,0.0,3,0.051176268861454044,0.1593175582990398
5-XGGSSL4YQ,TheDadLab,Word of the day,30000,13,15,0,0,0,0,0,0,0,0,0,0,0,141.38825788751714,44.03826466979495,98.15506515775034,69.15922946996747,0,0.0,0,0.05386145404663924,0.06715363511659808
KRXaS80VwFw,TheDadLab,@OfficialAirfix Quickbuild London Taxi: Building a London icon! #AD,33000,14,67,0,1,0,1,0,0,0,0,0,0,0,117.65164609053498,52.067408436524595,67.26717421124829,42.90990625988064,0,0.0,0,0.1486556927297668,0.06456104252400549
zkhdiCihqiE,TheDadLab,"Creativity Meets Speed! with @McLaren, @STEAM Co and @Smartsheet #SponsorX",41000,15,74,0,1,0,1,0,0,1,0,0,0,0,138.9362002743484,57.79995944904335,86.26394375857339,64.16393220847252,1,0.13478493690490723,3,0.07732167352537724,0.0667318244170096
XO06Rsri6sk,TheDadLab,Let’s make a brain teaser for the little ones #TheDadLab #toddlertimeactivities #kidsactivities,186000,16,95,0,3,0,0,0,0,0,0,0,0,0,194.28833333333333,36.80150876937428,56.37813100137174,60.96124135908814,0,0.0,0,0.024128943758573388,0.0010150891632373113
53LI5yWE_Yw,TheDadLab,Let’s start the weekend with some cool science! #TheDadLab #scienceisfun,37000,17,72,0,2,0,1,0,0,0,0,0,0,0,198.08880315500687,28.815906829868194,46.50232167352538,45.22797204274575,0,0.0,0,0.02994855967078189,0.0010836762688614541
IMFXwNBNJhA,TheDadLab,"Captivating Nature Workbook: Engage, Explore, Grow!",100000,18,51,0,0,0,1,0,0,0,0,0,0,0,132.4440500685871,46.46373702825933,105.11781550068586,77.63875648999988,2,0.03536636754870415,3,0.050689300411522635,0.07100137174211248
ypEOsjA2DU4,TheDadLab,TheDadLab Nature Workbook - Where Fun Takes the Lead and Learning Blossoms!,104000,19,75,0,0,0,1,0,0,0,0,0,0,0,143.7310802469136,53.912019635501935,103.05897462277092,84.5088871703541,2,0.041315846145153046,0,0.073659122085048,0.11257201646090535
oj2U06aBN1k,TheDadLab,Recreating My Favourite Star Wars Moments with LEGO Star Wars™,48000,20,62,0,0,0,0,0,0,1,0,0,0,0,140.35922496570646,48.597735132723244,89.09621742112483,87.84688760473227,1,0.06011371687054634,0,0.041584362139917695,0.02034636488340192
fkx6WUbA844,TheDadLab,LEGO Star Wars is Coming to London Star Wars Celebration,43000,21,56,0,0,0,0,0,0,1,0,0,0,0,135.80572359396433,32.12815980453374,92.0526474622771,76.33905953826063,1,0.16811877489089966,0,0.04092592592592593,0.09446159122085047
nFpToHIUkB8,TheDadLab,Start British Science Week with a LIVE DNA Extraction from a Strawberry,65000,22,71,0,0,0,0,0,0,2,0,0,0,0,109.4706378600823,29.997941550399304,118.94082647462277,76.6998183097974,1,0.23196719586849213,0,0.021670096021947874,0.05728395061728395
zV29koHAYk0,TheDadLab,"How to Straighten an Old Bent Nail with Water, Salt and Battery | Fake Science",62000,23,78,0,0,0,0,0,0,0,0,0,0,0,150.15178571428572,32.370611206068766,60.13395935960591,58.43205530424245,1,0.07794339954853058,0,0.02319376026272578,0.008839627805145047
SJvAJ2j2WQo,TheDadLab,Dipping Dandelion in Water | Outdoor Science Experiment,72000,24,55,0,0,0,0,0,0,0,0,0,0,0,139.59235426929393,50.48369835544454,135.1297174329502,61.16856713265082,1,0.11458601802587509,0,0.09569307608100712,0.00475848385331144
QYGHcOfH6K0,TheDadLab,Can You Really Turn Coal Into Diamonds with Peanut Butter,1200000,25,57,0,0,0,0,0,0,0,1,0,0,0,139.01459017515052,39.04496003133042,93.56975232621784,62.86846271084899,1,0.3029244840145111,0,0.021582512315270936,0.03648399014778325
dEdpylMsNyA,Khaby. Lame,Just give me 5 more minutes 😭#learnfromkhaby #comedy,409000,1,52,1,2,0,0,1,0,0,0,1,0,0,84.26696844993141,60.67994606166864,58.266416323731136,46.11923610589535,1,0.03967711701989174,0,0.06559327846364883,0.04654320987654321
JG8sEqHWkVg,Khaby. Lame,Ye… I’m gonna mind my business #learnfromkhaby #comedy,539000,2,54,0,2,0,0,0,0,0,0,1,0,0,158.22044238683128,42.8069730717189,27.22331618655693,15.339296474631901,1,0.0029937613289803267,0,0.03279149519890261,0.004711934156378601
JQCvd74suZ4,Khaby. Lame,Yeah… I’m never taking these glasses off again. #learnfromkhaby #comedy,497000,3,71,0,2,0,0,0,0,0,0,1,0,0,179.20571330589848,53.03981429212184,29.259735939643345,25.678523337825155,1,0.003370344638824463,0,0.048813443072702335,0.021858710562414264
ipve02dkw6g,Khaby. Lame,You almost got a piece of mozzarella… sorry about that 🧀 #learnfromkhaby #comedy,658000,4,80,1,2,0,0,0,0,0,1,0,0,0,129.89213991769546,62.7585158799042,47.82372770919067,27.935990850901426,1,0.0068596238270401955,0,0.0953395061728395,0.00820644718792867
yGE4fbq6suA,Khaby. Lame,DM to purchase ✌🏾#learnfromkhaby  #comedy,4300000,5,41,2,2,0,0,0,0,0,0,0,0,0,201.29130658436213,63.62388744306876,17.88364197530864,14.123809767299331,1,0.004632857628166676,0,0.03685185185185185,0.0014094650205761317
Qt8it-fn-g4,Khaby. Lame,Well… that didn’t go as planned #learnfromkhaby #comedy,2900000,6,55,0,2,0,0,0,0,0,0,0,0,0,144.34856995884775,68.90166680835864,69.86963991769548,52.40652349762068,0,0.0,0,0.12881001371742112,0.04064471879286694
yFVeUtw5Pq4,Khaby. Lame,"They were there yesterday, I promise 🤨 #learnfromkhaby  #comedy",10000000,7,63,1,2,0,0,0,0,0,0,1,0,0,157.68945816186556,48.05940044542977,60.840809327846365,52.245386106083295,1,0.0035864056553691626,0,0.10284293552812071,0.03073045267489712
lkmxe-ClUNU,Khaby. Lame,Come back whenever you want #comedy #learnfromkhaby,1700000,8,51,0,2,0,0,0,0,0,1,0,0,0,132.8351646090535,72.59466023657087,38.43884087791495,15.392865347930986,2,0.007488383911550045,0,0.10890603566529493,0.0024108367626886145
g5HYxbmMJfE,Khaby. Lame,I showed you how it’s done… your turn now. #learnfromkhaby #comedy,1100000,9,66,0,2,0,0,0,0,0,1,1,0,0,116.6377366255144,68.98862453561523,56.01054183813443,20.283388013520618,1,0.01339344959706068,0,0.10468106995884774,0.0416803840877915
3CTf_PkIKs4,Khaby. Lame,Next time let me choose the restaurant 👍🏿 #comedy #learnfromkhaby,993000,10,65,2,2,0,0,0,0,0,0,1,0,0,144.68592592592591,76.03948959260201,73.11769204389574,35.10933855346269,1,0.02349058724939823,0,0.04063100137174211,0.0662962962962963
9f-ZcMMU2wU,Khaby. Lame,I didn’t land well on my first jump… but at least I got to be here 🏊🏾#learnfromkhaby #comedy,2000000,11,92,2,2,0,0,0,0,0,0,1,0,0,144.6244855967078,58.96488420390422,68.29290466392318,50.561569441359175,1,0.005095474887639284,0,0.18334705075445815,0.0018758573388203018
Fkt83_m63ro,Khaby. Lame,Maybe next time. 🤨 #learnfromkhaby  #comedy,925000,12,43,1,2,0,0,0,0,0,0,0,0,0,137.3651474622771,62.80372803522326,57.891872427983536,35.86937266100187,0,0.0,0,0.23006515775034295,0.007904663923182441
PUNCIS-NZVc,Khaby. Lame,Yeah… I feel your pain now. 😭 #comedy #learnfromkhaby,3100000,13,53,1,2,0,0,0,0,0,1,1,0,0,117.80276748971194,54.30962185422287,100.3608024691358,71.84261781833214,0,0.0,0,0.12825445816186556,0.011436899862825789
pQk0JaepR88,Khaby. Lame,I’m not even mad… I’m just charging you for emotional damages #learnfromkhaby #comedy,1200000,14,85,0,2,0,0,0,0,0,1,1,0,0,111.06544238683128,55.39441346456118,156.96252743484226,62.23558777551966,1,0.012743133120238781,0,0.050517832647462284,0.071639231824417
2jY48x6-7wQ,Khaby. Lame,First day at work… I don’t think I’m coming back tomorrow #learnfromkhaby #comedy,1700000,15,81,0,2,0,0,0,0,0,0,1,0,0,124.51432784636488,62.403433001763204,70.92167009602194,35.052944596339806,1,0.0047048544511199,0,0.1682201646090535,4.458161865569273e-05
2Pe-Qny6Vmk,Khaby. Lame,Maybe...just let ​⁠@ninjakitchen AutoBarista do it? ☕🤷🏿‍♂️ #ninjapartner #handsdown,681000,16,83,4,2,1,0,0,0,0,0,0,0,0,167.3930281207133,56.56680207934186,42.77861454046639,25.96027469582716,1,0.015924150124192238,0,0.07801440329218107,0.02229766803840878
ZYj75u5KWnI,Khaby. Lame,Forget the flashlight… that’s the whole sun #learnfromkhaby #comedy,796000,17,67,0,2,0,0,0,0,0,0,0,0,0,146.25400891632373,68.95946138257972,73.39872770919067,44.80401113199482,0,0.0,0,0.09670438957475995,0.0004286694101508916
B-nJn2kQPdg,Khaby. Lame,Cameraman never dies… just taking a quick nap 🤕📹 #learnfromkhaby #comedy,1100000,18,72,2,2,0,0,0,0,0,0,0,0,0,140.82878257887518,47.51046331323291,80.00035322359396,63.6081849482922,0,0.0,0,0.20400891632373114,0.0016083676268861455
D0JOpXrkVf8,Khaby. Lame,It all happened too fast 😰 #learnfromkhaby #comedy,2700000,19,50,1,2,0,0,0,0,0,0,0,0,0,156.97734224965706,69.84587400534198,36.16535322359397,21.518851311018658,1,0.008230146951973438,0,0.07807270233196159,0.014766803840877914
uMLPNVYBkdQ,Khaby. Lame,You can keep the keys bro ✌🏾 #learnfromkhaby #comedy,694000,20,52,2,2,0,0,0,0,0,1,0,0,0,134.3907853223594,57.771615704171815,116.96351508916324,44.07589512660175,1,0.004288755357265472,0,0.034667352537722906,0.1005315500685871
Q_uQkeQYekU,Khaby. Lame,We never ever gonna play again 🤕 #learnfromkhaby #comedy,1300000,21,56,1,2,0,0,0,0,0,0,0,0,0,152.94186556927298,65.16641981853435,79.41345679012346,34.32269554190029,1,0.008143985643982887,0,0.06007544581618656,0.028261316872427982
N12vAxRdwqM,Khaby. Lame,Thank you for your service. See you never again. #learnfromkhaby #comedy,1200000,22,72,0,2,0,0,0,0,0,1,0,0,0,149.1278840877915,58.40631413742545,77.10698216735254,43.33356968920771,0,0.0,0,0.056718106995884775,0.011200274348422497
0Kx9HzEOpVs,Khaby. Lame,"Technically, it was a successful test of what not to do ⚡️😰⚡️#comedy",2900000,23,68,3,1,0,0,0,0,0,0,0,0,0,170.4399828532236,64.08428032714198,48.68232510288066,24.427739087920997,1,0.02227376587688923,0,0.04550754458161866,0.014931412894375858
hv34EzyIclQ,Khaby. Lame,Bro…. Where is the rest of my rice? 🍚🤨 #learnfromkhaby #comedy,1600000,24,62,2,2,1,0,0,0,0,0,1,0,0,165.65387860082305,58.56285414118934,61.63850480109739,49.7485888529852,1,0.015988770872354507,0,0.044794238683127575,0.01176954732510288
99qvyaFoN0I,Khaby. Lame,That was too quick 😭😭😭 #learnfromkhaby #comedy,3600000,25,46,3,2,0,0,0,0,0,0,0,0,0,168.52265432098764,51.53561264003428,72.50536351165981,43.411342681664216,1,0.005964187439531088,0,0.03308299039780521,0.02380315500685871
-zQWa_qFS7s,Fischer's,メジャーで指定された長さを出せ📏,32000,1,18,1,0,0,0,0,1,0,0,0,0,0,119.19453017832647,57.662692787375114,89.19666323731138,64.64613251299153,2,0.008842246606945992,0,0.06481481481481481,0.06368998628257888
pU6yYWw_pyk,Fischer's,"Sado Island!? Suddenly dancing ""GOOD! MEANING!"" with an island native! #SadoIsland #Fischers",19000,2,92,0,2,1,1,0,0,2,0,0,0,0,199.8022222222222,49.65259860142065,26.847493141289437,25.293796334584588,2,0.00884950254112482,0,0.015188614540466392,0.029152949245541838
KE-MtLSHw9k,Fischer's,Guess the Length with a Tape Measure📏,442000,3,37,1,0,0,0,0,0,0,0,0,0,0,134.21481138545954,65.87205017250305,66.81847736625514,48.15766965267057,2,0.06804607063531876,0,0.04791152263374486,0.06364540466392318
aPKsVx6frN8,Fischer's,Blindfold Ball Catch Challenge🏐,132000,4,31,1,0,0,0,0,0,0,0,0,0,0,130.96061385459532,54.854901528561975,145.47620027434843,64.14596224512137,0,0.0,0,0.0946159122085048,0.01760973936899863
9vpkvZ-GcOo,Fischer's,Blindfold Ball Catch Challenge🏐,181000,5,31,1,0,0,0,0,0,0,0,0,0,0,119.48769890260631,70.88859606241921,136.75962277091907,68.242701923123,2,0.022292526438832283,0,0.07826131687242799,0.028494513031550067
IL33u5eXn9o,Fischer's,Get in the room and escape from Jason🔪🩸,10000000,6,39,2,0,0,0,0,0,0,0,0,0,0,140.0301063100137,47.613104770362035,52.97393689986283,25.751976451108526,1,0.0040361275896430016,0,0.07395061728395062,0.004307270233196159
GJ3mVdgqu-0,Fischer's,部屋に入ってジェイソンから逃げ切れ🔪🩸,1200000,7,21,2,0,0,0,0,1,0,0,0,0,0,138.14296639231824,47.321416763226566,55.1058573388203,30.4005310898193,0,0.0,0,0.07294924554183814,0.01015432098765432
WlsmIEPy0B0,Fischer's,くわえた紙皿でロウソクの火を消せ対決🕯️🕯️🕯️ #shorts,174000,8,33,3,1,0,0,0,1,0,0,0,1,0,136.57332990397805,65.56083641595188,94.94140946502057,63.34903473313563,1,0.09842906147241592,0,0.05385459533607682,0.05897462277091907
2mbVs13bjhU,Fischer's,"Try Dancing to This! ""GOOD!MEANING!"" ~Zackao ver~ #GOODMEANING #fischers",397000,9,72,0,2,0,1,0,0,3,0,0,0,0,126.25158436213992,66.8236829764964,84.3179012345679,59.33788592299715,4,0.011670448817312717,0,0.10393004115226338,0.04361796982167353
yGBNmhcZDdg,Fischer's,風船落下させずに50m走🎈🏃‍♂️🏃,219000,10,19,4,0,0,0,1,1,0,0,0,0,0,122.78885802469136,65.34236860131239,137.4679012345679,104.84961544340703,2,0.015721729025244713,2,0.08816529492455419,0.11794238683127573
M78DL-bi8zU,Fischer's,Nationwide Tour Mie Prefecture (Nagashima Spa Land) Tickets Go On Sale 10/5 (Mon) at 8:00 PM!!,120000,11,94,0,0,0,1,1,0,0,0,0,0,0,152.84176268861455,65.06581469681616,63.24612482853224,61.55740246914945,5,0.004443593323230743,0,0.08766117969821673,0.028323045267489712
Uv84PyP0EpY,Fischer's,A challenge to extinguish a candle flame with a paper plate held in your mouth 🕯️🕯️🕯️ #shorts,182000,12,93,3,1,0,0,0,0,0,1,0,0,0,141.74694101508916,66.67722890278412,105.66512345679013,71.03446781002404,2,0.007879676297307014,0,0.07518518518518517,0.010788751714677641
ajyOG1uGJn0,Fischer's,ONICHA Shorts,698000,13,13,0,0,0,0,0,0,1,0,0,0,0,123.67858710562415,60.59001861942913,128.5271536351166,106.2887186202035,1,0.03130827844142914,0,0.05703703703703704,0.008957475994513032
YrpFRGcAsMw,Fischer's,A challenge to extinguish a candle flame with a paper plate held in your mouth 🕯️🕯️🕯️ #shorts,269000,14,93,3,1,0,0,0,0,0,1,0,0,0,140.6048525377229,66.75321296228059,99.55575445816187,66.2281913945327,2,0.012682652100920677,0,0.06193415637860083,0.04969821673525377
sn5wvh7b6jE,Fischer's,風船落下させずに50m走🎈🏃‍♂️🏃,116000,15,19,4,0,0,0,1,1,0,0,0,0,0,119.08696502057613,56.650034283071044,141.78294581618655,58.41766673278345,0,0.0,0,0.0712071330589849,0.10889574759945131
SV4qj0SP7Lo,Fischer's,Pop-up Pirate Challenge💥🗡️ #shorts,176000,16,34,2,1,0,0,0,0,0,0,0,0,0,103.27986968449932,63.315396361737506,103.72332990397805,54.04762651805882,2,0.01683395355939865,0,0.07465706447187928,0.11676268861454046
6298XALmZLc,Fischer's,No-bounce water balloon pass🎈💦 #shorts,196000,17,38,2,1,0,0,0,0,0,0,0,0,0,117.82091563786008,64.24374455239666,99.13186899862826,55.988935369048576,2,0.02151814103126526,0,0.1936488340192044,0.0362037037037037
ObrbG7cRJ0I,Fischer's,Umaibo Taste Test Challenge #shorts,250000,18,35,0,1,0,0,0,0,0,0,0,0,0,128.10997599451304,54.341721378444916,74.53285322359396,56.62254962922077,2,0.019782718271017075,0,0.08611454046639232,0.04935528120713306
PPzahRe-l1U,Fischer's,No-Bounce Water Balloon Pass🎈💦 #shorts,307000,19,38,2,1,0,0,0,0,0,0,0,0,0,97.11878943758573,60.32573333475041,106.10133744855968,45.75822691392221,1,0.010591147467494011,0,0.16851508916323732,0.01670781893004115
R_3JwpCtzcw,Fischer's,How long can I keep a tissue in the air? 📃 #shorts,209000,20,50,1,1,1,0,0,0,0,0,1,0,0,127.95428669410151,55.43052154048136,78.01619684499315,48.20961667208352,1,0.015475439839065075,0,0.04436213991769547,0.029080932784636488
lRaGsfsscfQ,Fischer's,"Can the original artist dance to it right away!? Try dancing to ""GOOD!MEANING!""! ~Motoki ver~ #GO...",441000,21,100,0,1,1,1,0,0,2,0,0,0,0,144.22880315500686,64.90088543030457,73.33410836762688,63.47338589965593,5,0.016472704708576202,0,0.09774691358024692,0.06044238683127572
e--o9TeRE7E,Fischer's,黒ひげキャッチチャレンジ💥🗡️ #shorts,192000,22,25,2,1,0,0,0,1,0,0,0,0,0,128.24794581618656,57.079430261251325,78.90187242798353,54.794936071014234,3,0.010565940290689468,0,0.09029835390946502,0.021707818930041152
xz4LK-bRdXQ,Fischer's,No-Bounce Water Balloon Pass🎈💦 #shorts,324000,23,38,2,1,0,0,0,0,0,0,0,0,0,135.724670781893,60.949954816845974,100.60656035665295,60.257054285454146,0,0.0,0,0.19099794238683127,0.02320301783264746
slQj7z-afK0,Fischer's,黒ひげキャッチチャレンジ💥🗡️ #shorts,414000,24,25,2,1,0,0,0,1,0,0,0,0,0,115.11588477366256,62.22654339111627,92.32483196159122,60.32371169350221,2,0.01990908943116665,0,0.07455075445816187,0.03944787379972565
08Z40WAhS8k,Fischer's,Water Balloon No-Bounce Pass🎈💦 #shorts,1100000,25,38,2,1,0,0,0,0,0,0,0,0,0,135.2484670781893,59.757694455943756,105.31074417009602,64.72487549711347,0,0.0,0,0.2111145404663923,0.0393278463648834
3-5WX1-MF1g,HikakinTV,Ran into Masuo again after a year 😂😂 #Hikakin #Clip,1000000,1,51,2,2,0,0,0,0,0,0,0,0,0,129.97123456790123,82.24537271508801,53.86636488340192,42.74736944923614,0,0.0,0,0.13769890260631001,0.034739368998628256
SVtxY73a-Pg,HikakinTV,ヒカキンが作ったコーン茶食べてみた🌽🌽 #セイキン #ヒカキン #ONICHA,1100000,2,39,2,3,0,0,0,1,1,0,0,0,0,139.42481138545952,67.34999899409718,125.88391975308642,78.2663884312026,2,0.048114657402038574,0,0.12806241426611797,0.01885116598079561
Q3d8dPlxX28,HikakinTV,The guy talking about the meme that pissed him off the most 💀💀 #HIKAKIN #Highlight,1400000,3,82,2,2,0,0,0,0,1,0,0,0,0,114.93856652949246,61.57272806885293,124.35605967078189,67.98184992910669,2,0.03513023257255554,0,0.09214677640603566,0.3085048010973937
K2ZUqMNBevw,HikakinTV,Hikakin losing it from pure exhaustion 😂😂 #Hikakin #Clip,1900000,4,56,2,2,0,0,0,0,0,0,0,0,0,113.13208847736625,60.148388618957966,94.0544341563786,61.36175145845003,1,0.17920753359794617,0,0.05902263374485597,0.08689986282578875
Q0erN19bqzY,HikakinTV,Hikakin gets trolled by chat 😂😂 #Hikakin #Clip,2400000,5,46,2,2,0,0,0,0,0,0,0,0,0,63.19578189300412,61.354343076153455,101.76449931412894,51.633923558129865,1,0.14898237586021423,0,0.045576131687242796,0.038381344307270235
4A6OFTNJGhA,HikakinTV,Minikin learns jealousy at 2 years old ❤️‍🩹❤️‍🩹 #Hikakin #Clips,1900000,6,63,4,2,0,0,1,0,0,0,0,0,0,111.05158093278463,58.3585850450546,94.53304183813444,56.268615930114784,1,0.23852306604385376,0,0.058943758573388204,0.0766769547325103
6oYDZWJKsas,HikakinTV,Hikakin gets rejected for matching outfits 😂😂#Hikakin #Clip,3800000,7,59,2,2,0,0,0,0,0,0,0,0,0,92.1794890260631,55.88320304398232,123.96820644718792,61.83059905038568,1,0.22235289216041565,0,0.05547668038408779,0.3722530864197531
e-C7fh2sCbo,HikakinTV,I Stayed Inside a Giant Poké Ball,1000000,8,33,0,0,0,0,0,0,0,0,1,0,0,138.87798696844993,75.6674686760299,131.95838134430727,122.97558483555422,1,0.06414303183555603,0,0.19127914951989028,0.060699588477366256
oql0DP3Vge4,HikakinTV,ピーチ城のBGMを再び再現するヒカキン 😂😂 #ヒカキン #切り抜き,599000,9,36,2,2,0,0,0,1,1,0,0,0,0,96.99575102880658,45.78413242989067,127.9741255144033,52.68671733675436,0,0.0,0,0.04074759945130315,0.05782578875171468
ZHhJBwyWlOA,HikakinTV,Hikakin responds to hate comments with a legendary quote ☠️☠️ #Hikakin #Clip,2900000,10,76,2,2,0,0,0,0,0,0,0,0,0,76.25091906721536,58.621109636717804,110.5898731138546,42.994969748322276,1,0.29999932646751404,0,0.0355761316872428,0.4588854595336077
BxyxQeXcVwQ,HikakinTV,"HIKAKIN submerses his 800,000 yen brand-new iPhone 💀💀 #HIKAKIN #highlight",3000000,11,73,2,2,0,0,1,0,2,0,0,0,0,117.74403635116597,54.05380175961807,93.2985768175583,48.07790088466861,1,0.023582253605127335,0,0.025517832647462275,0.21452674897119342
y23FjDx1t9M,HikakinTV,"The guy who's called a ""has-been"" even inside the game😂😂#HIKAKIN #Clip",2600000,12,70,2,2,0,0,0,0,1,0,0,0,0,114.24878600823045,59.15791784763948,97.97727023319617,66.1649168023288,1,0.1925581991672516,0,0.07411865569272977,0.08050411522633745
HKpHGVm30wI,HikakinTV,Hikakin talking nonsense because he's too tired 😭😭 #Hikakin #Clip,1700000,13,65,2,2,0,0,0,0,0,0,0,0,0,107.04747256515775,62.901563195132304,95.7645816186557,56.834196493423235,1,0.07297245413064957,0,0.07064471879286693,0.07983196159122086
Tg1P5IOYfgk,HikakinTV,Hikakin makes PDS drink vinegar 💀💀 #Hikakin #Clip,1700000,14,49,2,2,0,0,0,0,1,0,0,0,0,87.11675925925925,67.29429438351954,77.22681755829905,64.24584046081168,2,0.02406696230173111,0,0.06016803840877915,0.09985939643347051
9ikCIXzLC5E,HikakinTV,セブンのコショウそばがしょっぱすぎる!? #ヒカキン #商品紹介,1000000,15,33,0,2,1,1,0,1,0,0,0,0,0,144.55843621399177,61.3026798803897,154.4969375857339,116.03281496945368,1,0.21305079758167267,0,0.11181755829903979,0.08287379972565158
iFSXW-CPezA,HikakinTV,"Hi, I'm Hikacon🌽 #Hikacon",2100000,16,25,1,1,0,0,0,0,0,0,1,0,0,135.7601268861454,63.511889260888225,111.64584362139918,68.9227517754444,1,0.29758772253990173,0,0.10888545953360768,0.017513717421124828
IZeX3M4d-PE,HikakinTV,Hikakin surprisingly goes to meet the original creator 🥶🥶 #Hikakin #Clips,2100000,17,73,2,2,0,0,0,0,0,0,0,0,0,70.5865329218107,67.82191106435346,141.19435871056243,49.037919781838376,1,0.17431990802288055,0,0.05100480109739369,0.07658436213991769
pNtnPN-dII8,HikakinTV,"Did the Misokin Osaka store cause a panic with 54,000 applicants!? #Misokin #Hikakin",1000000,18,84,0,2,1,1,1,0,0,0,0,0,0,132.4964403292181,73.26013360114364,34.624245541838135,33.457039336485245,5,0.03865349292755127,0,0.1714951989026063,0.00998628257887517
H1C-Tyz6eX4,HikakinTV,3 Curry Misokin Arrangement Recipes Created by Chef Kawagoe #CurryMisokin,1400000,19,73,0,1,0,0,1,0,0,0,0,0,0,112.75101165980796,61.75164429708373,73.43611111111112,48.29302593153234,2,0.018578823655843735,2,0.06693415637860083,0.05109739368998628
JkXKTC7fJNA,HikakinTV,"Curry Mesokin New Release, July 26th (Sun) at 10 AM #Hikakin #Mesokin",5200000,20,69,0,2,0,0,1,0,0,0,0,0,0,116.68778806584362,73.07777296567761,175.16902263374485,134.7639093669285,1,0.06453710049390793,0,0.0776474622770919,0.053220164609053495
lY34Zylc6SA,HikakinTV,Curry Mesokin New Release July 26th (Sun) from 10:00 AM #Hikakin #Mesokin,4500000,21,73,0,2,0,0,1,0,0,0,0,0,0,129.8687242798354,73.8764021465592,64.27684156378601,32.70339299496705,1,0.07436063140630722,0,0.030353223593964335,0.015078875171467764
a6gOh8RPhIU,HikakinTV,"Hikakin Watches Seikin's ""Waho"" 🐻 #Hikakin #Clip",2700000,22,48,1,2,0,0,0,0,0,0,0,0,0,110.87047325102881,87.96258802599803,36.72955075445816,32.60400326447306,2,0.02265053242444992,0,0.07182098765432099,0.036598079561042524
hDXV3Zn_WE0,HikakinTV,Guess the flavor of Hikakin's new instant noodles 🍜,2900000,23,51,1,0,0,0,0,0,0,0,0,0,0,84.63104595336077,56.92678727573674,34.43138203017833,65.60472575718137,1,0.037293095141649246,0,0.04469478737997257,0.06752400548696845
HF2A6XXWH6g,HikakinTV,A surprise attack on a high school girl who loves ONICHA (a type of Japanese confectionery) from ...,3500000,24,100,0,0,0,0,0,0,1,0,0,0,0,139.19039780521263,72.64249784755296,89.77890946502058,53.9332579806605,2,0.042432066053152084,0,0.06150205761316872,0.015174897119341564
KKDXv9nkXyg,HikakinTV,7 Million Subscriber Celebration: #ONIChallenge,1900000,25,47,0,1,0,0,1,0,0,0,0,0,0,150.1847256515775,57.74256992232634,76.4792146776406,54.21560532538146,1,0.0673978254199028,0,0.10374142661179699,0.08441700960219478
AMQZowA_jd8,Zach King,when that one song gets played 🎶,5600000,1,32,1,0,0,0,0,0,0,0,0,0,0,127.68055898491083,53.811103699015426,64.51519547325103,37.500817006120556,3,0.023486169055104256,4,0.06426268861454047,0.012328532235939643
jKuTomFX5Co,Zach King,Meccha Chameleon In Real Life,8700000,2,29,0,0,0,0,0,0,0,0,0,0,0,104.25520919067215,65.99572690024742,84.5910048010974,54.42986336156893,2,0.025355014950037003,0,0.06185871056241427,0.0751474622770919
3Jal2w7X3E8,Zach King,They said Zach King fell off....,3500000,3,32,0,0,0,0,0,0,0,0,0,0,0,187.3885425240055,75.5206314419455,36.454639917695474,32.26982880050728,2,0.02060268260538578,2,0.07250685871056241,0.05145061728395062
jwF7JS1JOvo,Zach King,Star Wars Lego Build Goes Wrong,1600000,4,31,0,0,0,0,0,0,0,0,0,0,0,92.87922496570644,74.34131036717413,87.7225720164609,41.085958996912666,1,0.008941330946981907,0,0.14117626886145407,0.08063443072702332
bYD4PpxI9w4,Zach King,Pirates of the Caribbathtub,3000000,5,27,0,0,0,0,0,0,0,0,0,0,0,99.90309210526316,60.419389974438914,98.33096125730994,51.80230307331032,1,0.019524473696947098,0,0.08065058479532164,0.1513267543859649
U8TVVBGFKi0,Zach King,Think they'll let me on the team?,759000,6,33,0,0,1,0,0,0,0,0,1,0,0,98.16907407407408,48.740564853546765,34.200041152263374,15.402615148734228,1,0.017585543915629387,0,0.03599451303155007,0.0002537722908093278
qHaSAX-hyyM,Zach King,#behindthescenes,4900000,7,16,0,1,0,0,0,0,0,0,0,0,0,102.27741769547325,64.63864808391601,118.91532578875172,46.78300388453995,1,0.018142219632864,10,0.045843621399176956,0.4479183813443073
fpsVgV0X6sc,Zach King,She almost didn’t make it to the show,5200000,8,37,0,0,0,0,0,0,0,0,0,0,0,125.73086762688615,72.04839284388751,107.54306241426612,62.47474924367651,2,0.011351457796990871,0,0.11163923182441701,0.23045953360768176
X0wxLr5W2X8,Zach King,Which one is cake? 🍰,52000000,9,20,1,0,1,0,0,0,0,0,0,0,0,119.38898148148148,64.78838069413456,110.73546296296297,61.43503247648201,1,0.044756002724170685,0,0.052726337448559674,0.3304938271604938
7fT3fNIsrHc,Zach King,trying to find the stolen Legos #bricksandminifigs #recklessben,3200000,10,63,0,2,0,0,0,0,0,0,0,0,0,117.06247942386831,53.153576464540926,104.66503086419753,81.94100013451539,1,0.008256763219833374,0,0.0938443072702332,0.10828189300411523
XpHsEGOEdo8,Zach King,this is a message to AI,4500000,11,23,0,0,0,0,0,0,0,0,0,0,0,138.48489368998628,63.91255260786332,40.87664951989026,61.803675712913716,1,0.008686739020049572,0,0.024842249657064473,0.09510631001371742
jbvpGSCF-DI,Zach King,Worlds largest paper airplane,2000000,12,29,0,0,0,0,0,0,0,0,0,0,0,154.71991769547324,50.42732275639183,41.462493141289436,39.12319045234572,0,0.0,0,0.08921124828532237,0.002983539094650206
vNR3noE9aCM,Zach King,How we smashed a car into my house #behindthescenes,4700000,13,51,0,1,0,0,0,0,0,0,1,0,0,84.52713991769548,64.66839491174885,73.59322702331961,35.605440206755894,0,0.0,3,0.11448559670781894,0.1007716049382716
6UxNhdhTIZA,Zach King,World record Eating Spaghetti 🍝,2800000,14,31,1,0,0,0,0,0,0,0,0,0,0,157.99469478737998,80.95507579066138,54.208206447187926,44.24242156296328,1,0.03476133197546005,8,0.05414609053497942,0.1037517146776406
NOf47c048hM,Zach King,Stop ruining the movies 🍿,8500000,15,25,1,0,0,0,0,0,0,0,0,0,0,35.81724965706447,51.76019098194808,100.79850823045267,25.80036131068573,2,0.04973642900586128,0,0.040507544581618656,0.17968106995884775
LpkkkpsxZhw,Zach King,Food hack,2500000,16,9,0,0,0,0,0,0,0,0,0,0,0,85.17023319615912,55.01487882123496,142.58490397805213,73.9814726568294,1,0.030339613556861877,0,0.04028120713305899,0.5778429355281207
tOIFZ8O6Ezk,Zach King,The floating tree illusion,4100000,17,26,0,0,0,0,0,0,0,0,0,0,0,126.09190672153635,40.98776837937223,84.54063100137174,67.07387985844254,1,0.0049914284609258175,0,0.14988340192043897,0.00700960219478738
BEldg6atD_M,Zach King,Don't Try This GTA Heist At Home ⛽️ #gta5 #illusion #shorts,12000000,18,59,1,3,0,0,1,0,1,0,0,0,0,127.55004115226338,69.9835977696805,43.933988340192045,29.268481280987235,1,0.006091906223446131,0,0.07589849108367627,0.058065843621399174
6tSz0Jcqex8,Zach King,LEGO Batman rarely uses the door #sponsored @Warner Bros. Games,3200000,19,63,0,1,0,0,0,0,1,0,0,0,0,49.604482167352536,47.075101423275605,129.74644718792868,45.875720705292444,1,0.010678119026124477,0,0.06185871056241427,0.3536625514403292
bJ1M8z-u-30,Zach King,Can you fly with a leaf blower?,1900000,20,31,0,0,1,0,0,0,0,1,0,0,0,193.68733539094652,64.95137799562731,32.71082647462277,36.20953001867669,1,0.004265214782208204,0,0.08143689986282579,0.025078875171467764
ldVk_znInmg,Zach King,Ever wonder where that lost sock went? @tidelaundry,16000000,21,51,0,0,1,0,0,0,0,0,0,0,0,122.1918932748538,52.99564948281669,75.7130519005848,65.58859897125066,1,0.032801926136016846,0,0.05298611111111111,0.2265423976608187
bdDyxGoxnMY,Zach King,Making our way downtown…🎵,3200000,22,25,1,0,0,0,0,0,0,0,0,0,0,114.34655692729767,72.11525393621774,54.521224279835394,27.724130786930065,2,0.017849572002887726,0,0.08128600823045268,0.015569272976680384
O4Eu-e53oOE,Zach King,This carpet looks like it has a hole,12000000,23,36,0,0,0,0,0,0,0,0,0,0,0,143.89359739369,70.2355742513687,47.16960219478738,29.720925825087818,0,0.0,0,0.07040123456790123,0.020723593964334704
3EDuXUDh9D8,Zach King,I remade Star Wars out of Cardboard,1300000,24,35,0,0,0,0,0,0,0,0,1,0,0,123.55057270233196,54.30687059771034,80.77618312757201,38.390217291209524,0,0.0,1,0.04719478737997256,0.05156721536351166
4Mpp5tIRa5I,Zach King,The ultimate cleaning crew is hiding inside Tide evo @Tide,47000000,25,58,0,0,0,0,0,0,0,0,0,0,0,148.13464677640604,58.274905964490046,38.723871742112486,31.70804592531352,1,0.004986223764717579,0,0.07200960219478737,0.032674897119341566
b9IODhrblN8,JunsKitchen,Japanese Nerikiri Art (練り切り),39000,1,28,0,0,0,0,0,1,0,0,0,0,0,134.39014060356652,57.936465090255915,97.19831618655692,59.79905936575585,1,0.06622637063264847,0,0.0502880658436214,0.03305898491083676
777UBMt7FEY,JunsKitchen,The best chicken ramen I had in Kyoto/Japan. Ramen Mugyu ラーメンムギュ,211000,2,64,0,0,0,0,0,1,0,0,1,0,0,115.9065329218107,62.68509178708464,108.65485939643347,54.29821346344519,0,0.0,0,0.045586419753086416,0.10883401920438958
2eEwEK4G38o,Airrack,Bionic arm vs @SHAQ (love u Shaq) 💪,363000,1,35,1,0,0,0,0,0,1,0,0,1,0,127.66095336076818,78.32142755628638,57.93576131687243,47.36868409294303,1,0.012839430943131447,0,0.08173525377229081,0.0635082304526749
82uqTXa0ThY,Airrack,adobe :),192000,2,8,0,0,0,0,0,0,0,0,0,0,0,82.18490740740741,33.844949199881995,118.20751028806585,70.12741154011395,1,0.10516734421253204,0,0.04116941015089163,0.543062414266118
Y6cSleidhj0,Airrack,SUPERBOWL PARTY,7600000,3,15,0,0,0,0,0,0,2,0,0,0,0,113.53708504801098,70.04963899792057,65.55485939643347,36.362381264925354,2,0.024608610197901726,0,0.045977366255144037,0.054519890260631004
sheEdzONpIY,Airrack,Level 1 vs Level 100 Spicy Wings,528000,4,32,0,0,0,0,1,0,0,0,0,1,0,50.22505144032922,58.80086182330438,84.44722908093279,32.22887771814085,1,0.2492835521697998,0,0.023062414266117968,0.13829218106995886
_iQLuwtTtf0,Airrack,Can you sneak into a movie theatre using the world’s largest popcorn bucket?,21000000,5,76,0,0,1,0,0,0,0,1,0,0,0,136.38517489711933,54.03806193374393,56.51881001371742,47.63560568679713,1,0.007576866541057825,0,0.11893004115226338,0.024417009602194787
VbL3P27S5KA,Airrack,I Snuck My Friend In A Suitcase,2800000,6,31,0,0,0,0,0,0,0,0,1,0,0,84.72500685871056,47.250456223619096,137.76258573388202,63.62385377061629,1,0.2468373328447342,0,0.12051440329218106,0.6508367626886146
qVExCmZio4o,Airrack,Fill in the blank and I’ll do it - Inspo: @Justin Schmidt,2200000,7,57,0,0,0,0,0,0,0,0,1,0,0,122.9679561042524,55.270172582541946,83.57825788751715,35.27703851597034,2,0.004392467439174652,0,0.1809499314128944,0.02414951989026063
XCcVTChjuJs,Airrack,I brought a ranch fountain to Buffalo Wild Wings,15000000,8,48,0,0,0,0,0,0,0,0,1,0,0,123.94297668038409,51.838114907085206,61.21380658436214,51.76113774706395,1,0.026076283305883408,0,0.09101851851851851,0.033079561042524006
yqTbBXXi5Us,Airrack,How many free samples can you get from Costco?,323000000,9,46,0,0,1,0,0,0,0,1,0,0,0,114.26114883401921,65.68008088885341,105.84932784636489,76.90499281822977,1,0.04591936618089676,0,0.08351508916323731,0.3122702331961591
m9etd5CZj0s,Airrack,I snuck a thanksgiving feast into the movies,4000000,10,44,0,0,0,0,0,0,0,0,1,0,0,132.8301989026063,62.714062347666456,62.50177640603567,40.094260877207326,1,0.33269044756889343,0,0.02216735253772291,0.0153360768175583
L6qtr1bNUQI,Airrack,I snuck my friend into a movie theater using a backpack,52000000,11,55,0,0,0,0,0,0,0,0,1,0,0,118.02239368998629,73.50447859616526,59.89011659807956,30.408556632459124,0,0.0,0,0.0989437585733882,0.04067558299039781
UAl-umFPJfE,Airrack,I snuck into Jake Paul vs Mike Tyson,4100000,12,36,0,0,0,0,0,0,0,0,1,1,0,63.24684499314129,35.871137781107905,151.63632716049383,61.33193500102987,1,0.5271849036216736,0,0.015627572016460905,0.014382716049382717
_qWXxTj-QrA,Airrack,I snuck into the World Series,12000000,13,29,0,0,0,0,0,0,0,0,1,0,0,102.25816529492455,67.56223966025385,97.11781207133059,45.86192737594172,1,0.20991984009742737,0,0.04187928669410151,0.013573388203017832
MHAZSY8eHe8,Airrack,Can you sneak into the F1 after party by pretending to be an F1 driver?,2200000,14,71,0,0,1,0,1,0,0,1,0,0,0,48.05698216735254,48.394235051592275,91.49294238683127,37.877078477933836,1,0.09523377567529678,0,0.03547668038408779,0.0856275720164609
PJtfKsc3I20,Airrack,Can you sneak into a football game by pretending to be a player,12000000,15,63,0,0,0,0,0,0,0,1,0,0,0,148.03294581618655,48.35118204883618,94.11428326474623,76.05831027973201,1,0.022989584133028984,0,0.07757544581618656,0.060771604938271606
ZXz9gAwbF4U,Airrack,New World's Largest Chipotle Burrito! Suck it @Tyler Blanchard,2800000,16,62,0,0,0,1,0,0,0,0,0,0,0,119.07045267489713,71.5457571942419,47.31936213991769,30.507672111636353,1,0.0918574333190918,0,0.0753326474622771,0.053936899862825786
cjEFaqYrrqY,Airrack,I snuck into a Taylor Swift concert with fake broken leg,51000000,17,56,0,0,0,0,0,0,0,0,1,0,0,99.90466049382717,66.89988303444117,86.96448559670782,54.68205826712689,1,0.20907321572303772,0,0.059266117969821674,0.3498525377229081
uxrjmiTt_CA,Airrack,How many free peanuts can you actually get from 5 guys,15000000,18,54,0,0,0,0,1,0,0,1,0,0,0,114.34965706447188,61.43477099320888,90.3579183813443,59.84902113368706,1,0.003213009797036648,0,0.046358024691358024,0.09861111111111111
s1_6IzUBUG4,Airrack,How much food can you sneak into a movie theater?,36000000,19,49,0,0,1,0,0,0,0,1,0,0,0,125.70480795610425,58.43264563280521,74.5522256515775,53.25585721294202,1,0.10974317044019699,0,0.12099451303155007,0.07141632373113854
dBN0BygKgYU,Airrack,Can you sneak into a club by pretending to be an olympian?,11000000,20,58,0,0,1,0,0,0,0,1,0,0,0,79.86183127572016,52.59115990426323,160.5484670781893,75.84786719398872,1,0.054056379944086075,0,0.04712962962962963,0.09209190672153635
G92lA7dVV2g,Airrack,I snuck into a music festival by pretending to be a DJ,15000000,21,54,0,0,0,0,0,0,0,0,1,0,0,122.28170781893004,70.33658703758451,73.18802812071331,40.677163076022936,1,0.029299631714820862,0,0.09208504801097395,0.027187928669410152
VrOkcBvvK74,Airrack,Internet's Got Talent - World's Best Juggler Vs Walmart,17000000,22,55,0,0,0,0,0,0,0,0,0,1,0,111.57460905349794,52.56848478519446,78.92971193415637,40.493372190824175,2,0.007062384858727455,0,0.12171467764060356,0.05633744855967078
XzhvnLbAeIc,Airrack,Try not to black out in @Liquid Death 's fighter jet 💀,3100000,23,54,1,0,0,0,0,0,0,0,0,0,0,103.8965500685871,54.70821796518788,121.05454732510287,77.44437491429971,1,0.02660987712442875,0,0.07564128943758573,0.010912208504801098
KWHTZtC7vhg,Airrack,Can faking a broken leg get you a first class seat?,92000000,24,51,0,0,1,0,0,0,0,1,0,0,0,110.1563134430727,52.97125828837247,51.15203360768176,42.18892529853993,1,0.02850913442671299,0,0.0749485596707819,0.06406035665294925
xH_Evy58ygo,Airrack,McDonald's Unlimited Soda Hack,38000000,25,30,0,0,0,0,0,0,0,0,0,0,0,107.22206447187929,54.62271778111712,106.46581961591221,51.17012550429527,1,0.01755671389400959,0,0.1047119341563786,0.0011179698216735254
pq8A7LxXhOo,SeikinTV,I tried the corn tea Hikakin made.,3600000,1,34,0,0,0,0,0,0,0,0,1,0,0,118.49614197530865,57.12226585772473,132.67992455418383,65.38190163108962,2,0.022428395226597786,0,0.127119341563786,0.01947530864197531
qDP1wT2hjlI,SeikinTV,きつねダンス ワホーver,4400000,2,13,0,0,0,0,0,1,0,0,0,0,0,144.42079218106997,66.5042435637943,93.20933813443072,61.31782749612539,1,0.013770870864391327,0,0.23174554183813445,0.05450960219478738
hlPuk9xo4u8,SeikinTV,ワホー2026,2900000,3,7,0,0,0,0,1,1,0,0,0,0,0,159.63579218106995,43.1870047992313,74.67544238683128,41.92965743071031,1,0.004743644036352634,0,0.0549039780521262,0.0037688614540466393
FeElnRQe7sI,SeikinTV,There's no going back.,1300000,4,22,0,0,0,0,0,0,0,0,0,0,0,85.7319170096022,45.25089424380659,132.85733196159123,74.02949265810594,2,0.13434289395809174,0,0.023401920438957478,0.009907407407407408
Bu00qkV6PGo,SeikinTV,I thought I had gotten away.,837000,5,28,0,0,0,0,0,0,0,0,1,0,0,68.57787379972565,37.34830854315665,183.97405349794238,110.40996872011023,2,0.135780468583107,0,0.03061042524005487,0.010651577503429356
PEjCXfuDvnw,SeikinTV,"Which one is the real ""Forest of Terror SEIKIN""?",2800000,6,48,0,0,1,0,0,0,1,0,0,0,0,108.62785665294925,54.2604106539575,79.88674897119341,57.8610740853989,6,0.018393605947494507,0,0.07412551440329218,0.04492455418381344
LGTxDaDwtVw,SeikinTV,[Ultra-luxury] Something unexpected happened when I rode a golden swan boat...,617000,7,78,0,0,0,0,0,0,0,0,1,0,0,114.45612482853224,58.699021856211964,174.68865912208506,86.51909012458772,1,0.013850623741745949,0,0.05397462277091907,0.050329218106995886
WS664My0XR8,SeikinTV,富士山江戸走り,546000,8,7,0,0,0,0,0,1,0,0,0,0,0,127.51032578875171,59.58459067737361,99.73176611796983,52.88344677050868,1,0.003026962047442794,0,0.21376543209876545,0.02873456790123457
smgptShtjNo,SeikinTV,Hikakin's ONICHA barley tea is not a drink...,3400000,9,45,0,0,0,0,0,0,1,0,0,0,0,163.3171159122085,63.72255521495012,55.35190672153635,39.57465071002676,1,0.06434831023216248,0,0.05575102880658436,0.07051783264746228
eDIRY_Lon3c,SeikinTV,I tried the barley tea that Hikakin made.,13000000,10,41,0,0,0,0,0,0,0,0,1,0,0,136.8892489711934,79.66700712549127,92.21424554183814,58.54836662113871,2,0.020254869014024734,0,0.1433676268861454,0.13355967078189301
6Z_oj7krS_g,SeikinTV,Mute Kids Dance - Seikin ver.,839000,11,29,0,0,0,0,0,0,0,0,0,0,0,132.43574417009603,77.18953189488383,71.5744890260631,43.94237953617993,1,0.008383498527109623,0,0.1067798353909465,0.05657064471879287
1LWX-fOtXWI,SeikinTV,Racing driver Seikin speeds around in a supercar.,620000,12,49,0,0,0,0,0,0,0,0,0,0,0,44.5030109739369,36.77791724248877,179.39278120713305,105.73015255592242,1,0.09460292756557465,0,0.0176440329218107,0.5209842249657064
m0WQUJw2k-4,SeikinTV,ラーメンだと思って食べたら...,15000000,13,16,0,0,0,0,0,1,0,0,0,0,0,71.76125171467764,62.55906398684827,108.3770438957476,59.209866789195516,2,0.029191840440034866,0,0.07039094650205761,0.11823045267489712
-p4scYklEZI,SeikinTV,【レクサスLM】ついに納車。別格。,2000000,14,17,0,0,0,0,0,1,0,0,0,0,0,139.73150891632372,82.54589444026894,57.04107338820302,28.837207941381813,0,0.0,0,0.09251714677640603,0.014132373113854596
CEJAf_yQCU4,SeikinTV,Dr Pepper Baby (Good & Nice Jingle) - SEIKIN,3400000,15,44,0,0,0,0,0,0,1,0,0,0,0,166.57254458161864,80.37542144461997,41.44572702331961,27.246853758881365,5,0.018250640481710434,0,0.12989026063100137,0.03458504801097394
VFvdyDoB4RA,SeikinTV,伝説の侍　The Legendary Samurai,1300000,16,26,0,0,0,0,0,1,0,0,0,0,0,136.75714334705074,73.8934432045879,51.824561042524,58.89364057153638,1,0.007303727325052023,0,0.18171810699588478,0.10962962962962963
GJ9Tl7s9fus,SeikinTV,よいしょはいよいよい,3000000,17,10,0,0,0,0,0,1,0,0,0,0,0,135.9416392318244,67.74474789234527,43.10682784636489,22.927247052777528,2,0.011230523698031902,0,0.12492455418381344,0.012815500685871057
nBo2SuBPgY0,SeikinTV,USJでマリオ・ルイージ・ドンキーコングと神ショット撮れました。,1600000,18,32,0,0,0,0,0,1,1,0,0,0,0,135.3568792866941,58.045900224928275,119.17042866941016,94.4533001528993,1,0.014697201550006866,0,0.12214677640603568,0.21343278463648835
lN7kip4S3I0,SeikinTV,YouTubeテーマソング２／ヒカキン＆セイキン | YTFF Japan 2025 #YTFF,6600000,19,48,0,1,0,0,1,1,2,0,0,0,0,47.0454561042524,38.84852157457175,195.56970164609052,125.32714526439962,3,0.004930276423692703,0,0.051666666666666666,0.7031001371742113
cpoatEc7irI,SeikinTV,YouTubeテーマソング２／ヒカキン＆セイキン | YTFF Japan 2025 #YTFF,1200000,20,48,0,1,0,0,1,1,2,0,0,0,0,97.27393004115227,56.81291044831513,162.70057270233195,113.71042915486035,1,0.22627821564674377,0,0.048172153635116594,0.5817249657064472
NrlWZ6qJfcE,SeikinTV,YouTubeテーマソング２／ヒカキン＆セイキン | YTFF Japan 2025 #YTFF,2700000,21,48,0,1,0,0,1,1,2,0,0,0,0,71.90623113854595,42.32469983729295,178.49791152263376,107.21247861540976,9,0.006768416613340378,0,0.09193758573388203,0.5712037037037037
MQhUW7dLH5k,SeikinTV,YouTubeテーマソング２／ヒカキン＆セイキン | YTFF Japan 2025 #YTFF,1100000,22,48,0,1,0,0,1,1,2,0,0,0,0,41.67233196159122,47.80150609366389,151.33381001371743,79.81876821574578,3,0.009163154289126396,0,0.049344993141289435,0.37123113854595335
FKu9iHRAcZg,SeikinTV,YouTubeテーマソング２／ヒカキン＆セイキン | YTFF Japan 2025 #YTFF,799000,23,48,0,1,0,0,1,1,2,0,0,0,0,44.912692043895746,43.95222911127823,203.16773319615913,95.2006751282868,1,0.15675365924835205,0,0.017983539094650204,0.43397119341563783
aaDlYrvE7wI,SeikinTV,太ってしまったヒカキン&セイキン,2200000,24,16,0,0,0,0,0,1,0,0,0,0,0,139.6064437585734,79.89412588846625,52.32782578875172,28.1829192710617,2,0.01167416200041771,0,0.05064128943758573,0.02808641975308642
JPQYRY59Fkk,SeikinTV,ヒカキン × セイキン × ミャクミャク - セイキンダンス × ナルトダンス,2300000,25,39,0,0,0,0,0,1,0,0,0,0,0,167.0124657064472,62.33948935533182,84.58975651577504,101.9710202486259,2,0.0073447320610284805,0,0.042078189300411524,0.10117283950617284
odBH2Rw0ewA,Daniel LaBelle,The World's Worst Robbers,336000,1,25,0,0,0,0,0,0,0,0,0,0,0,105.14736968449931,74.10008733240412,82.68960219478738,34.780615563393994,2,0.018788864836096764,0,0.07092249657064473,0.11022290809327846
QbqWca0u1lE,Daniel LaBelle,The World's Fastest Robbery,554000,2,27,0,0,0,0,0,0,0,0,0,0,0,134.96840192043896,67.00792228553013,38.34723593964335,22.644638759198816,1,0.004983453080058098,0,0.10604595336076818,0.00747599451303155
PldfA_i5CuA,Daniel LaBelle,"If this race happens, I’ll be ready. @paramountpictures #daysofthundermovie",1200000,3,75,0,1,0,0,0,0,0,0,1,0,0,107.20038408779149,68.49756489311096,51.00708161865569,29.923882396367798,3,0.019257809966802597,0,0.0888443072702332,0.033655692729766803
IEPfg_kLBAI,Daniel LaBelle,"When life gets hectic, let LG handle this part 👕",23000000,4,48,1,0,0,0,0,0,0,0,0,0,0,115.1227743484225,52.409859108846724,85.09890260631002,36.198628037253634,1,0.003769265953451395,0,0.2688511659807956,0.01909122085048011
esOAyz0HK80,Daniel LaBelle,How Different Professions Greet Each Other,930000,5,42,0,0,0,0,0,0,0,0,0,0,0,112.35572016460905,64.92214525603703,89.25002743484225,55.93979848985398,2,0.020972000434994698,0,0.16329561042524005,0.05987311385459534
7opI2DQRhEw,Daniel LaBelle,Playing games while sprinting,1200000,6,29,0,0,0,0,0,0,0,0,0,0,0,137.2052709190672,58.03847850022177,66.15018518518518,53.207280038688495,2,0.009000401943922043,0,0.086159122085048,0.011176268861454047
KoRu9NKThjc,Daniel LaBelle,What it's like raising boys,2100000,7,27,0,0,0,0,0,0,0,0,0,0,0,110.16555555555556,63.384382600236535,94.54055898491083,55.92228704098552,2,0.012266774661839008,0,0.15898148148148147,0.10381687242798354
7kLRiRqE0fU,Daniel LaBelle,Mountain Lion VS. Ram,677000,8,21,0,0,0,0,0,0,0,0,0,1,0,85.77480452674897,46.069089996621344,127.34735939643348,66.77521783810678,0,0.0,0,0.1089917695473251,0.19914951989026064
R_UYd_2knvg,Daniel LaBelle,Sprinting to help the REAL Spider-Man #SpiderManBrandNewDay in theaters July 31st #SonyPicsPartner,2200000,9,98,0,2,0,0,1,0,1,0,0,0,0,86.28752743484225,51.28809206477655,127.1815877914952,60.892015012441355,3,0.011106114834547043,0,0.09540466392318245,0.3049417009602195
N5UXPrB8OcM,Daniel LaBelle,How I imagine soccer players act at home,1500000,10,40,0,0,0,0,0,0,0,0,1,0,0,159.2925377229081,44.48299899353071,29.83707818930041,19.270603805591875,0,0.0,0,0.053954046639231826,0.007160493827160494
Huj1-sE1RPU,Daniel LaBelle,What it's like cleaning up after a toddler #SharkTransformer #SharkPartner @SharkHome,2900000,11,85,0,2,0,0,0,0,0,0,0,0,0,143.49852880658437,44.504396037886465,43.546999314128946,24.498337613013938,1,0.004932013805955648,0,0.14025377229080935,0.008034979423868313
PgBwUn45sd0,Daniel LaBelle,Dog VS. Mailman,2200000,12,15,0,0,0,0,0,0,0,0,0,1,0,126.39410150891632,45.141396733927415,70.14328189300412,38.58416422534791,1,0.0035316406283527613,0,0.09287037037037037,0.005792181069958848
Fz1geUz4Nk8,Daniel LaBelle,Cleanup panic? Let Hefty Ultra Strong handle it. #HeftyPartner @HeftyBrand,1400000,13,74,0,1,1,0,0,0,0,0,0,0,0,118.86572359396433,56.379534266548355,72.09655349794238,45.47121987091283,2,0.06056438386440277,0,0.06436556927297668,0.01049039780521262
W3SSM96JZfA,Daniel LaBelle,Playing Tag with an Olympic Gymnast,1800000,14,35,0,0,0,0,0,0,0,0,0,0,0,146.0054355281207,51.54302377974164,54.232115912208506,29.52200073227475,0,0.0,0,0.10297668038408779,0.002657750342935528
Ndq42rpKo5g,Daniel LaBelle,"If people could do everything with one touch, like with the Ninja AutoBarista #NinjaPartner",1300000,15,91,0,1,0,0,0,0,0,0,0,0,0,137.53542524005488,54.705212812294,47.47883744855967,26.55189857917226,1,0.011934884823858738,0,0.1708573388203018,0.004739368998628258
JAQngW54m40,Daniel LaBelle,When you encounter a talker who can't take a hint.,962000,16,50,0,0,0,0,0,0,0,1,0,0,0,140.66253086419752,56.874348215630135,62.501128257887515,51.25442699122778,2,0.004126360174268484,0,0.07681069958847737,0.004327846364883402
f8wOavCvWFY,Daniel LaBelle,How I imagine cameramen get smooth chase scenes.,1300000,17,48,0,0,0,0,0,0,0,0,1,0,0,165.0487585733882,50.73541837288036,38.33159122085048,33.57680524624704,0,0.0,0,0.10849794238683128,0.00049039780521262
Fvah8ThjCUE,Daniel LaBelle,If people lagged. Part 16,1000000,18,25,0,0,0,0,1,0,0,0,0,0,0,137.45876886145405,59.71990010639246,37.84266117969822,20.672987019422393,0,0.0,0,0.14178669410150893,0.011814128943758573
ICbOkVRCb7s,Daniel LaBelle,Different ways to hand out @7BrewCoffee drinks #7brewpartner,770000,19,60,0,1,0,0,1,0,0,0,0,0,0,131.69156378600823,65.15396646283244,50.99450617283951,27.38145069968607,0,0.0,0,0.09045610425240054,0.002757201646090535
lNmVwt6NguU,Daniel LaBelle,Bailing off my skateboard going faster and faster,3800000,20,49,0,0,0,0,0,0,0,0,1,0,0,110.01637860082305,58.644233335286664,91.55116598079562,33.7017201899996,0,0.0,0,0.017434842249657065,0.0002297668038408779
bvVXL66jtd0,Daniel LaBelle,How dads say they got to school.,2700000,21,32,0,0,0,0,0,0,0,0,0,0,0,150.1323525377229,55.48964324535811,29.930068587105623,14.247640259781342,0,0.0,0,0.07881001371742113,0.001989026063100137
tl2I6vjjFQM,Daniel LaBelle,How it feels cleaning with the @SharkHome  BlastBoss #SharkPartner #SharkBlastBoss,1600000,22,82,0,2,0,0,0,0,0,0,0,0,0,132.4621330589849,66.16793376779188,46.72060013717421,22.720153219351303,1,0.0026759395841509104,0,0.09105281207133059,0.010929355281207132
9MbWJrhVjXQ,Daniel LaBelle,"When the power goes out, but you have @Spectrum  Invincible WIFI #SpectrumPartner",1400000,23,81,0,1,0,0,0,0,1,1,0,0,0,143.36333676268862,58.2160152966017,68.2185048010974,33.347115695712134,1,0.018538430333137512,0,0.06078532235939644,0.012489711934156378
SN0HqikUxok,Daniel LaBelle,When kids cleans but they make it worse. Thanks for the save @sharkhome #SharkPartner #SharkRobot,1300000,24,97,0,2,0,0,0,0,0,0,0,0,0,135.85272290809328,48.87381729798819,66.39990054869685,24.597631896864577,0,0.0,0,0.06713305898491084,0.014862825788751715
8-1tXQF4HLU,Daniel LaBelle,Playing catch with random objects,2400000,25,33,0,0,0,0,0,0,0,0,0,0,0,150.26732167352537,70.79701482396216,66.02374142661179,33.45731443000554,0,0.0,1,0.1378429355281207,0.002109053497942387
